fecha,indicativo,nombre,provincia,altitud,tmed,prec,tmin,horatmin,tmax,horatmax,dir,velmedia,racha,horaracha,sol,presMax,horaPresMax,presMin,horaPresMin,hrMedia
2013-01-01,9434,"ZARAGOZA, AEROPUERTO",ZARAGOZA,249,"9,0","0,4","4,7",08:08,"13,4",15:10,99,"4,2","12,5",Varias,"5,0","992,4",24,"985,6",04,75
2013-01-02,9434,"ZARAGOZA, AEROPUERTO",ZARAGOZA,249,"9,4","0,0","6,9",23:59,"12,0",14:00,30,"9,4","20,0",10:55,"7,9","998,6",24,"992,4",Varias,63
2013-01-03,9434,"ZARAGOZA, AEROPUERTO",ZARAGOZA,249,"6,8","0,0","1,2",23:10,"12,5",15:30,30,"3,1","13,3",00:55,"8,5","1008,4",24,"998,6",00,64
2013-01-04,9434,"ZARAGOZA, AEROPUERTO",ZARAGOZA,249,"5,6","0,0","-1,4",07:45,"12,7",15:30,99,"1,1","3,6",Varias,"8,5","1008,4",00,"1003,0",Varias,71
2013-01-05,9434,"ZARAGOZA, AEROPUERTO",ZARAGOZA,249,"8,6","0,0","-0,5",Varias,"17,7",Varias,27,"4,2","9,7",Varias,"7,7","1007,8",00,"997,9",24,64
2013-01-06,9434,"ZARAGOZA, AEROPUERTO",ZARAGOZA,249,"10,8","0,0","3,9",Varias,"17,7",13:55,28,"1,4","8,3",03:05,"8,7","998,1",09,"994,9",Varias,58
2013-01-07,9434,"ZARAGOZA, AEROPUERTO",ZARAGOZA,249,"7,2","0,0","0,0",08:10,"14,5",15:10,99,"2,2","5,3",Varias,"8,3","996,4",09,"993,5",Varias,72
2013-01-08,9434,"ZARAGOZA, AEROPUERTO",ZARAGOZA,249,"5,6","0,0","-0,6",08:10,"11,9",15:30,99,"3,1","7,8",Varias,"7,8","998,4",10,"995,1",15,72
2013-01-09,9434,"ZARAGOZA, AEROPUERTO",ZARAGOZA,249,"5,2","0,7","0,6",08:10,"9,7",15:45,26,"2,8","9,7",03:40,"7,1","996,9",00,"991,8",24,66
2013-01-10,9434,"ZARAGOZA, AEROPUERTO",ZARAGOZA,249,"11,3","0,0","7,1",Varias,"15,5",Varias,99,"4,4","11,4",Varias,"8,0","993,6",24,"991,0",Varias,76
2013-01-11,9434,"ZARAGOZA, AEROPUERTO",ZARAGOZA,249,"8,6","0,0","3,6",23:30,"13,5",15:30,29,"5,6","12,8",01:05,"8,4","993,7",03,"989,6",Varias,61
2013-01-12,9434,"ZARAGOZA, AEROPUERTO",ZARAGOZA,249,"7,2","1,6","-0,5",07:00,"14,8",15:20,24,"3,9","15,6",15:30,"3,6","989,6",00,"981,0",24,69
2013-01-13,9434,"ZARAGOZA, AEROPUERTO",ZARAGOZA,249,"7,2",Ip,"4,5",07:00,"9,8",13:50,99,"8,3","16,4",Varias,"4,0","987,4",24,"981,0",00,68
2013-01-14,9434,"ZARAGOZA, AEROPUERTO",ZARAGOZA,249,"7,0","0,6","3,9",08:00,"10,2",14:10,30,"8,3","15,0",11:40,"4,9","989,7",11,"986,8",14,74
2013-01-15,9434,"ZARAGOZA, AEROPUERTO",ZARAGOZA,249,"7,8","0,3","4,9",02:10,"10,8",11:50,33,"8,3","20,6",Varias,"0,7","987,5",00,"983,1",Varias,71
2013-01-16,9434,"ZARAGOZA, AEROPUERTO",ZARAGOZA,249,"9,2","1,1","4,8",01:10,"13,5",14:40,99,"6,4","19,7",Varias,"1,3","984,6",00,"975,4",15,79
2013-01-17,9434,"ZARAGOZA, AEROPUERTO",ZARAGOZA,249,"9,2","0,5","6,1",22:20,"12,2",01:55,29,"8,3","16,4",Varias,"4,1","983,8",08,"976,7",00,62
2013-01-18,9434,"ZARAGOZA, AEROPUERTO",ZARAGOZA,249,"10,6","0,6","5,5",04:55,"15,8",18:10,25,"1,9","15,0",23:40,"0,0","980,9",00,"964,8",24,82
2013-01-19,9434,"ZARAGOZA, AEROPUERTO",ZARAGOZA,249,"10,0","2,9","6,1",20:00,"13,8",00:00,29,"3,9","16,4",23:00,"0,0","964,8",00,"950,9",16,74
2013-01-20,9434,"ZARAGOZA, AEROPUERTO",ZARAGOZA,249,"8,2","0,0","5,6",07:45,"10,8",14:30,29,"6,1","17,5",03:35,"3,5","971,3",Varias,"957,8",00,63
2013-01-21,9434,"ZARAGOZA, AEROPUERTO",ZARAGOZA,249,"6,8",Ip,"2,6",22:30,"11,0",14:20,33,"6,4","16,4",11:55,"7,1","981,0",23,"969,8",01,61
2013-01-22,9434,"ZARAGOZA, AEROPUERTO",ZARAGOZA,249,"4,2","0,2","1,3",07:00,"7,1",Varias,31,"2,2","11,9",Varias,"1,0","980,7",00,"972,9",16,71
2013-01-23,9434,"ZARAGOZA, AEROPUERTO",ZARAGOZA,249,"5,0","4,7","-0,4",01:10,"10,4",12:40,99,"8,3","20,6",Varias,"6,0","981,6",18,"974,4",00,55
2013-01-24,9434,"ZARAGOZA, AEROPUERTO",ZARAGOZA,249,"7,4","0,0","3,3",07:00,"11,5",13:00,32,"10,0","25,3",12:40,"6,3","985,6",24,"974,8",02,68
2013-01-25,9434,"ZARAGOZA, AEROPUERTO",ZARAGOZA,249,"7,1","1,3","2,6",07:00,"11,6",15:15,28,"5,0","14,4",03:55,"7,2","985,8",10,"983,0",24,77
2013-01-26,9434,"ZARAGOZA, AEROPUERTO",ZARAGOZA,249,"8,6","0,0","3,5",Varias,"13,8",Varias,32,"11,9","23,6",12:50,"7,6","988,9",24,"980,8",Varias,58
2013-01-27,9434,"ZARAGOZA, AEROPUERTO",ZARAGOZA,249,"8,4","5,4","2,5",05:15,"14,3",14:15,31,"3,1","21,7",22:00,"0,6","988,9",00,"981,7",21,74
2013-01-28,9434,"ZARAGOZA, AEROPUERTO",ZARAGOZA,249,"9,2","0,0","5,0",06:10,"13,5",13:55,29,"6,1","15,0",Varias,"9,0","996,1",11,"987,5",00,61
2013-01-29,9434,"ZARAGOZA, AEROPUERTO",ZARAGOZA,249,"6,2","0,0","1,0",07:00,"11,3",15:55,34,"1,9","6,7",07:30,"5,5","997,6",09,"995,9",00,80
2013-01-30,9434,"ZARAGOZA, AEROPUERTO",ZARAGOZA,249,"7,8","0,0","1,4",07:50,"14,1",14:10,26,"1,9","9,7",20:05,"5,6","998,1",24,"996,0",16,84
2013-01-31,9434,"ZARAGOZA, AEROPUERTO",ZARAGOZA,249,"11,6","0,0","5,2",07:50,"18,1",15:15,26,"2,5","9,2",00:00,"9,0","1000,9",11,"996,4",24,77
2013-02-01,9434,"ZARAGOZA, AEROPUERTO",ZARAGOZA,249,"11,6","4,0","5,1",06:50,"18,0",14:00,25,"6,9","18,1",11:40,"7,9","996,4",00,"977,9",23,55
2013-02-02,9434,"ZARAGOZA, AEROPUERTO",ZARAGOZA,249,"8,6","0,7","4,4",23:00,"12,9",00:00,29,"11,1","23,6",12:50,"6,8","991,0",24,"978,2",00,72
2013-02-03,9434,"ZARAGOZA, AEROPUERTO",ZARAGOZA,249,"6,0","0,0","2,5",07:45,"9,6",14:50,99,"11,9","24,2",Varias,"7,4","999,0",24,"991,0",00,49
2013-02-04,9434,"ZARAGOZA, AEROPUERTO",ZARAGOZA,249,"9,8","0,0","4,5",01:00,"15,0",14:05,30,"8,9","18,6",11:55,"8,3","999,0",00,"995,6",15,67
2013-02-05,9434,"ZARAGOZA, AEROPUERTO",ZARAGOZA,249,"11,1","0,4","6,0",23:59,"16,2",13:40,35,"6,7","18,6",21:55,"7,1","996,2",00,"986,5",22,64
2013-02-06,9434,"ZARAGOZA, AEROPUERTO",ZARAGOZA,249,"6,9","0,2","3,3",07:15,"10,5",13:50,30,"10,8","22,2",14:45,"7,5","987,8",01,"983,3",15,72
2013-02-07,9434,"ZARAGOZA, AEROPUERTO",ZARAGOZA,249,"6,0","1,3","2,7",06:00,"9,2",12:50,30,"7,2","21,1",00:25,"7,2","992,6",11,"986,4",00,74
2013-02-08,9434,"ZARAGOZA, AEROPUERTO",ZARAGOZA,249,"6,2","1,3","2,8",23:59,"9,7",11:10,29,"8,9","21,1",17:30,"3,2","989,7",24,"983,3",15,83
2013-02-09,9434,"ZARAGOZA, AEROPUERTO",ZARAGOZA,249,"5,8",Ip,"1,5",05:40,"10,2",15:50,28,"7,2","17,5",15:15,"8,7","992,8",11,"989,7",00,63
2013-02-10,9434,"ZARAGOZA, AEROPUERTO",ZARAGOZA,249,"7,7","0,1","2,0",07:00,"13,4",12:40,26,"2,8","16,4",20:20,"1,7","990,5",00,"975,5",19,59
2013-02-11,9434,"ZARAGOZA, AEROPUERTO",ZARAGOZA,249,"5,9",Ip,"1,5",07:30,"10,3",Varias,24,"4,7","16,9",23:30,"6,4","977,9",Varias,"975,4",01,63
2013-02-12,9434,"ZARAGOZA, AEROPUERTO",ZARAGOZA,249,"6,9","0,0","3,9",08:05,"9,9",17:10,99,"8,1","17,5",Varias,"2,3","987,4",24,"977,6",00,75
2013-02-13,9434,"ZARAGOZA, AEROPUERTO",ZARAGOZA,249,"9,6","0,0","5,5",02:15,"13,6",14:20,29,"7,8","18,1",13:05,"8,8","991,4",22,"987,2",03,70
2013-02-14,9434,"ZARAGOZA, AEROPUERTO",ZARAGOZA,249,"11,8","0,0","7,8",07:00,"15,7",14:00,28,"8,9","16,1",12:05,"9,7","992,8",11,"991,0",16,64
2013-02-15,9434,"ZARAGOZA, AEROPUERTO",ZARAGOZA,249,"9,8","0,0","4,5",07:30,"15,0",14:40,30,"6,7","13,9",12:15,"8,8","991,9",00,"989,8",Varias,66
2013-02-16,9434,"ZARAGOZA, AEROPUERTO",ZARAGOZA,249,"7,0","0,0","0,5",07:40,"13,6",15:50,26,"0,3","7,2",00:00,"7,5","990,5",10,"987,1",24,76
2013-02-17,9434,"ZARAGOZA, AEROPUERTO",ZARAGOZA,249,"8,2",Ip,"2,5",04:00,"13,8",14:30,07,"1,1","6,1",13:10,"5,2","987,1",00,"981,4",17,81
2013-02-18,9434,"ZARAGOZA, AEROPUERTO",ZARAGOZA,249,"11,6","0,0","6,7",07:00,"16,5",14:10,10,"0,6","6,1",23:05,"5,3","983,1",24,"981,5",16,78
2013-02-19,9434,"ZARAGOZA, AEROPUERTO",ZARAGOZA,249,"10,1",Ip,"7,5",00:45,"12,7",12:10,11,"5,0","9,2",14:55,"0,0","984,0",Varias,"982,4",17,77
2013-02-20,9434,"ZARAGOZA, AEROPUERTO",ZARAGOZA,249,"11,4","0,0","7,5",07:20,"15,3",16:00,99,"3,1","8,9",Varias,"7,5","983,4",Varias,"980,8",17,77
2013-02-21,9434,"ZARAGOZA, AEROPUERTO",ZARAGOZA,249,"12,5","1,5","8,0",07:00,"17,0",15:10,30,"3,9","7,8",11:20,"7,5","981,1",00,"974,3",24,70
2013-02-22,9434,"ZARAGOZA, AEROPUERTO",ZARAGOZA,249,"8,0","1,8","5,2",23:59,"10,9",Varias,29,"5,3","14,4",22:25,"0,0","974,3",00,"970,8",21,81
2013-02-23,9434,"ZARAGOZA, AEROPUERTO",ZARAGOZA,249,"2,4","0,0","-0,3",07:00,"5,2",00:00,30,"13,9","27,8",07:20,"9,5","986,7",24,"970,9",00,50
2013-02-24,9434,"ZARAGOZA, AEROPUERTO",ZARAGOZA,249,"4,0","0,0","0,5",00:40,"7,5",15:20,30,"7,8","18,6",13:40,"6,6","989,0",24,"985,4",Varias,59
2013-02-25,9434,"ZARAGOZA, AEROPUERTO",ZARAGOZA,249,"5,0",Ip,"1,2",04:30,"8,7",13:10,99,"9,2","16,1",Varias,"6,9","989,7",Varias,"987,9",03,57
2013-02-26,9434,"ZARAGOZA, AEROPUERTO",ZARAGOZA,249,"4,4",Ip,"1,5",03:50,"7,2",15:40,29,"4,2","12,5",00:20,"2,8","990,6",24,"988,2",04,70
2013-02-27,9434,"ZARAGOZA, AEROPUERTO",ZARAGOZA,249,"5,3","0,3","-0,8",02:50,"11,4",14:50,11,"1,1","8,9",13:52,"6,7","992,0",10,"987,8",18,58
2013-02-28,9434,"ZARAGOZA, AEROPUERTO",ZARAGOZA,249,"6,6","14,8","3,6",07:00,"9,6",14:20,11,"2,2","11,9",15:13,"0,3","989,1",00,"983,5",24,85
2013-03-01,9434,"ZARAGOZA, AEROPUERTO",ZARAGOZA,249,"8,7","0,4","4,0",02:40,"13,4",16:05,99,"8,1","16,4",Varias,"4,3","986,9",24,"982,3",15,64
2013-03-02,9434,"ZARAGOZA, AEROPUERTO",ZARAGOZA,249,"7,6","0,0","1,5",06:50,"13,8",15:50,28,"2,5","9,7",Varias,"9,2","988,8",10,"986,1",17,62
2013-03-03,9434,"ZARAGOZA, AEROPUERTO",ZARAGOZA,249,"8,3","0,0","1,8",07:20,"14,8",15:10,12,"2,5","9,2",15:53,"6,4","987,8",00,"982,9",Varias,68
2013-03-04,9434,"ZARAGOZA, AEROPUERTO",ZARAGOZA,249,"8,5","6,5","4,9",04:45,"12,1",14:10,11,"6,4","17,5",13:40,"1,4","982,9",00,"972,1",24,81
2013-03-05,9434,"ZARAGOZA, AEROPUERTO",ZARAGOZA,249,"12,4","1,2","10,3",Varias,"14,5",14:45,11,"5,6","15,0",13:16,"0,0","972,1",00,"967,3",17,86
2013-03-06,9434,"ZARAGOZA, AEROPUERTO",ZARAGOZA,249,"15,2","1,5","9,5",07:00,"21,0",14:45,99,"2,8","11,9",Varias,"9,0","970,4",24,"965,3",Varias,69
2013-03-07,9434,"ZARAGOZA, AEROPUERTO",ZARAGOZA,249,"15,6","1,0","12,5",21:00,"18,6",Varias,24,"3,3","24,7",21:10,"2,4","973,3",09,"967,3",18,67
2013-03-08,9434,"ZARAGOZA, AEROPUERTO",ZARAGOZA,249,"14,7","0,5","10,4",03:15,"19,0",14:00,25,"3,3","16,9",01:00,"5,7","976,8",10,"971,5",00,58
2013-03-09,9434,"ZARAGOZA, AEROPUERTO",ZARAGOZA,249,"12,3","0,7","7,1",07:15,"17,5",13:30,28,"3,6","13,9",13:29,"5,1","976,2",03,"974,6",18,58
2013-03-10,9434,"ZARAGOZA, AEROPUERTO",ZARAGOZA,249,"12,8","0,1","8,0",04:30,"17,6",13:50,23,"5,0","13,3",Varias,"6,6","975,0",02,"972,5",18,56
2013-03-11,9434,"ZARAGOZA, AEROPUERTO",ZARAGOZA,249,"12,8",Ip,"8,6",05:40,"17,0",14:10,25,"6,7","16,1",12:57,"6,1","974,5",09,"971,5",17,52
2013-03-12,9434,"ZARAGOZA, AEROPUERTO",ZARAGOZA,249,"10,2","0,5","5,4",23:59,"15,0",17:00,25,"3,1","16,4",01:26,"6,6","974,2",09,"968,6",22,55
2013-03-13,9434,"ZARAGOZA, AEROPUERTO",ZARAGOZA,249,"4,9","0,0","2,8",05:40,"7,0",12:20,30,"13,1","27,2",14:53,"1,3","981,8",24,"969,4",05,49
2013-03-14,9434,"ZARAGOZA, AEROPUERTO",ZARAGOZA,249,"5,8","0,9","2,0",06:40,"9,5",13:50,31,"8,9","18,6",11:44,"5,7","986,5",23,"981,2",04,65
2013-03-15,9434,"ZARAGOZA, AEROPUERTO",ZARAGOZA,249,"7,6","0,0","2,7",07:15,"12,5",16:05,30,"7,8","18,6",10:22,"10,7","988,1",12,"985,3",24,53
2013-03-16,9434,"ZARAGOZA, AEROPUERTO",ZARAGOZA,249,"7,2","0,9","3,0",03:10,"11,5",15:50,12,"3,3","8,9",08:42,"0,0","985,3",00,"977,2",24,66
2013-03-17,9434,"ZARAGOZA, AEROPUERTO",ZARAGOZA,249,"8,4","7,1","7,0",23:59,"9,9",Varias,29,"1,9","12,5",23:52,"0,0","977,2",00,"968,9",17,93
2013-03-18,9434,"ZARAGOZA, AEROPUERTO",ZARAGOZA,249,"8,8","0,0","2,6",06:00,"15,1",16:05,26,"7,5","19,7",11:10,"10,5","977,1",24,"969,9",00,51
2013-03-19,9434,"ZARAGOZA, AEROPUERTO",ZARAGOZA,249,"9,4","5,6","2,8",05:55,"16,0",16:00,99,"2,5","8,3",Varias,"6,1","977,1",00,"970,3",18,59
2013-03-20,9434,"ZARAGOZA, AEROPUERTO",ZARAGOZA,249,"11,1","0,0","6,2",23:59,"16,0",16:50,32,"6,7","17,5",10:22,"10,6","987,5",24,"971,9",00,53
2013-03-21,9434,"ZARAGOZA, AEROPUERTO",ZARAGOZA,249,"10,6","0,0","2,8",06:30,"18,4",14:30,11,"3,3","9,2",13:56,"8,2","987,5",00,"981,2",24,56
2013-03-22,9434,"ZARAGOZA, AEROPUERTO",ZARAGOZA,249,"12,8","0,0","5,2",06:10,"20,4",14:10,25,"3,3","12,8",18:24,"7,2","981,2",00,"974,6",15,58
2013-03-23,9434,"ZARAGOZA, AEROPUERTO",ZARAGOZA,249,"12,8","0,0","6,0",05:30,"19,5",14:10,99,"1,4","7,8",Varias,"8,4","976,6",00,"970,7",17,59
2013-03-24,9434,"ZARAGOZA, AEROPUERTO",ZARAGOZA,249,"13,3","0,0","7,2",06:20,"19,4",16:50,29,"4,2","12,5",22:04,"10,3","976,2",24,"971,0",Varias,54
2013-03-25,9434,"ZARAGOZA, AEROPUERTO",ZARAGOZA,249,"12,4","2,1","8,4",06:30,"16,4",12:20,28,"4,2","16,1",22:12,"3,3","978,9",08,"971,8",22,63
2013-03-26,9434,"ZARAGOZA, AEROPUERTO",ZARAGOZA,249,"12,2","4,8","7,5",07:10,"16,8",13:45,30,"1,4","7,8",00:57,"2,5","975,1",11,"972,1",19,85
2013-03-27,9434,"ZARAGOZA, AEROPUERTO",ZARAGOZA,249,"14,8","4,4","9,9",05:30,"19,6",14:00,26,"2,2","8,3",15:11,"4,0","973,0",24,"970,3",05,73
2013-03-28,9434,"ZARAGOZA, AEROPUERTO",ZARAGOZA,249,"15,3","2,0","10,2",05:20,"20,4",13:10,26,"2,2","12,8",13:28,"8,0","979,0",23,"973,0",Varias,65
2013-03-29,9434,"ZARAGOZA, AEROPUERTO",ZARAGOZA,249,"15,2","7,3","12,2",20:50,"18,1",10:30,24,"5,6","15,6",13:09,"2,5","979,2",Varias,"973,7",23,79
2013-03-30,9434,"ZARAGOZA, AEROPUERTO",ZARAGOZA,249,"13,1","1,2","9,4",Varias,"16,8",15:30,31,"6,1","14,4",Varias,"6,2","982,3",21,"974,7",00,66
2013-03-31,9434,"ZARAGOZA, AEROPUERTO",ZARAGOZA,249,"13,2","1,0","6,9",06:10,"19,6",15:30,14,"2,5","7,8",17:52,"9,9","982,2",00,"968,3",24,58
2013-04-01,9434,"ZARAGOZA, AEROPUERTO",ZARAGOZA,249,"12,4","6,9","9,0",23:59,"15,8",15:15,29,"2,8","13,3",08:00,"4,6","975,6",24,"966,3",02,81
2013-04-02,9434,"ZARAGOZA, AEROPUERTO",ZARAGOZA,249,"12,2",Ip,"6,8",06:00,"17,7",12:50,27,"4,2","15,0",18:18,"8,2","979,7",23,"975,5",04,64
2013-04-03,9434,"ZARAGOZA, AEROPUERTO",ZARAGOZA,249,"11,4","7,4","4,2",06:00,"18,5",15:20,11,"2,2","10,3",17:00,"8,1","979,5",00,"970,2",17,72
2013-04-04,9434,"ZARAGOZA, AEROPUERTO",ZARAGOZA,249,"12,0","0,3","6,5",23:59,"17,4",14:30,99,"3,3","13,9",Varias,"3,5","975,4",24,"969,4",15,78
2013-04-05,9434,"ZARAGOZA, AEROPUERTO",ZARAGOZA,249,"8,6",Ip,"4,5",23:50,"12,8",15:10,30,"7,2","16,1",14:52,"8,5","981,8",24,"975,4",00,52
2013-04-06,9434,"ZARAGOZA, AEROPUERTO",ZARAGOZA,249,"7,4",Ip,"3,3",03:50,"11,4",Varias,29,"10,8","22,8",11:48,"9,6","988,5",Varias,"981,8",00,54
2013-04-07,9434,"ZARAGOZA, AEROPUERTO",ZARAGOZA,249,"10,2","0,0","5,5",Varias,"15,0",Varias,29,"2,8","13,3",00:56,"7,5","988,4",00,"981,9",24,53
2013-04-08,9434,"ZARAGOZA, AEROPUERTO",ZARAGOZA,249,"12,8","0,0","7,2",00:00,"18,3",14:40,28,"5,6","15,0",15:51,"5,5","981,9",00,"979,4",16,42
2013-04-09,9434,"ZARAGOZA, AEROPUERTO",ZARAGOZA,249,"15,2","0,0","9,0",00:50,"21,5",13:00,25,"5,8","15,6",09:54,"7,6","984,1",24,"979,3",03,43
2013-04-10,9434,"ZARAGOZA, AEROPUERTO",ZARAGOZA,249,"16,0",Ip,"7,3",06:20,"24,8",15:30,24,"4,4","14,4",09:40,"9,4","985,9",09,"982,8",16,55
2013-04-11,9434,"ZARAGOZA, AEROPUERTO",ZARAGOZA,249,"18,6","0,0","11,8",23:45,"25,5",14:50,26,"5,0","19,2",15:26,"5,4","984,4",00,"977,7",14,45
2013-04-12,9434,"ZARAGOZA, AEROPUERTO",ZARAGOZA,249,"16,7","0,0","9,9",Varias,"23,5",16:10,31,"3,3","13,3",11:52,"9,9","987,5",24,"982,6",00,40
2013-04-13,9434,"ZARAGOZA, AEROPUERTO",ZARAGOZA,249,"15,6","0,0","7,3",05:48,"24,0",16:50,99,"3,1","8,3",Varias,"12,2","991,8",10,"987,5",00,52
2013-04-14,9434,"ZARAGOZA, AEROPUERTO",ZARAGOZA,249,"17,6","0,0","8,6",05:40,"26,5",15:25,99,"5,3","13,3",Varias,"12,0","992,3",10,"988,7",Varias,48
2013-04-15,9434,"ZARAGOZA, AEROPUERTO",ZARAGOZA,249,"18,8","0,0","11,0",06:00,"26,6",16:40,14,"1,9","7,2",15:33,"9,9","992,2",Varias,"988,0",18,45
2013-04-16,9434,"ZARAGOZA, AEROPUERTO",ZARAGOZA,249,"20,0","0,0","12,4",05:10,"27,7",16:05,99,"1,7","7,2",Varias,"12,0","991,7",09,"989,0",16,56
2013-04-17,9434,"ZARAGOZA, AEROPUERTO",ZARAGOZA,249,"21,1","0,0","12,2",05:50,"30,0",16:00,99,"4,2","9,2",Varias,"11,7","991,4",Varias,"986,8",17,47
2013-04-18,9434,"ZARAGOZA, AEROPUERTO",ZARAGOZA,249,"18,1","0,0","12,0",23:59,"24,2",14:50,30,"8,3","17,5",21:11,"11,6","991,7",10,"988,8",00,48
2013-04-19,9434,"ZARAGOZA, AEROPUERTO",ZARAGOZA,249,"13,2","0,2","9,3",23:59,"17,2",14:45,31,"11,7","22,2",08:29,"7,1","995,0",24,"990,6",05,52
2013-04-20,9434,"ZARAGOZA, AEROPUERTO",ZARAGOZA,249,"13,0","0,0","7,4",04:40,"18,5",15:00,30,"9,2","16,9",14:50,"12,7","995,0",00,"989,9",17,33
2013-04-21,9434,"ZARAGOZA, AEROPUERTO",ZARAGOZA,249,"12,6","0,0","5,0",05:40,"20,3",15:50,29,"5,8","19,2",22:11,"12,6","991,6",00,"986,4",17,38
2013-04-22,9434,"ZARAGOZA, AEROPUERTO",ZARAGOZA,249,"13,7","0,0","8,8",04:50,"18,6",15:50,31,"10,0","16,9",16:46,"9,1","989,9",24,"986,2",16,45
2013-04-23,9434,"ZARAGOZA, AEROPUERTO",ZARAGOZA,249,"14,5","0,0","7,0",06:00,"22,0",16:35,30,"2,2","10,3",08:11,"12,8","993,0",10,"989,4",19,50
2013-04-24,9434,"ZARAGOZA, AEROPUERTO",ZARAGOZA,249,"15,2","0,0","7,2",05:55,"23,2",Varias,11,"3,1","13,9",11:23,"13,0","994,6",09,"991,3",17,44
2013-04-25,9434,"ZARAGOZA, AEROPUERTO",ZARAGOZA,249,"13,8","0,7","9,5",02:50,"18,2",17:30,10,"1,9","7,8",17:35,"0,0","993,4",00,"989,5",24,69
2013-04-26,9434,"ZARAGOZA, AEROPUERTO",ZARAGOZA,249,"14,0","5,7","10,9",23:59,"17,0",13:15,29,"4,2","17,5",23:59,"0,1","989,5",00,"982,0",24,87
2013-04-27,9434,"ZARAGOZA, AEROPUERTO",ZARAGOZA,249,"9,6","0,9","4,5",04:50,"14,8",16:10,30,"10,0","20,0",02:18,"10,4","982,0",00,"977,8",15,56
2013-04-28,9434,"ZARAGOZA, AEROPUERTO",ZARAGOZA,249,"7,0","14,7","4,6",06:30,"9,4",Varias,99,"3,9","13,9",Varias,"0,0","981,4",24,"979,3",05,87
2013-04-29,9434,"ZARAGOZA, AEROPUERTO",ZARAGOZA,249,"7,8","13,0","6,1",Varias,"9,5",14:00,99,"6,7","13,9",Varias,"0,0","982,2",10,"980,4",17,98
2013-04-30,9434,"ZARAGOZA, AEROPUERTO",ZARAGOZA,249,"11,8","5,9","6,0",05:30,"17,5",16:20,11,"3,3","14,4",17:33,"5,4","985,0",24,"981,0",04,76
2013-05-01,9434,"ZARAGOZA, AEROPUERTO",ZARAGOZA,249,"13,2","0,3","7,8",05:45,"18,5",14:05,25,"1,1","10,3",14:30,"7,5","987,3",24,"984,6",03,69
2013-05-02,9434,"ZARAGOZA, AEROPUERTO",ZARAGOZA,249,"12,8","0,2","7,9",04:05,"17,6",14:50,33,"6,9","13,9",16:40,"7,8","990,4",22,"986,7",04,65
2013-05-03,9434,"ZARAGOZA, AEROPUERTO",ZARAGOZA,249,"13,6","0,0","7,6",05:45,"19,6",16:30,30,"7,2","15,0",07:59,"13,0","989,7",Varias,"987,7",18,54
2013-05-04,9434,"ZARAGOZA, AEROPUERTO",ZARAGOZA,249,"14,2","0,0","6,0",05:45,"22,5",17:20,28,"3,3","11,4",23:30,"13,5","990,7",09,"987,6",17,54
2013-05-05,9434,"ZARAGOZA, AEROPUERTO",ZARAGOZA,249,"16,2","0,0","8,7",05:30,"23,6",15:40,99,"3,3","8,9",Varias,"11,6","990,5",09,"988,0",18,56
2013-05-06,9434,"ZARAGOZA, AEROPUERTO",ZARAGOZA,249,"19,0",Ip,"9,5",04:30,"28,5",19:00,32,"0,8","9,7",18:10,"10,0","990,3",06,"985,3",18,58
2013-05-07,9434,"ZARAGOZA, AEROPUERTO",ZARAGOZA,249,"20,8",Ip,"14,8",05:10,"26,7",14:45,25,"3,3","11,9",07:03,"8,9","987,9",00,"985,5",18,52
2013-05-08,9434,"ZARAGOZA, AEROPUERTO",ZARAGOZA,249,"20,8",Ip,"16,6",04:00,"24,9",14:30,29,"2,8","7,8",17:35,"2,2","986,4",Varias,"984,7",15,57
2013-05-09,9434,"ZARAGOZA, AEROPUERTO",ZARAGOZA,249,"19,8","5,9","12,8",23:59,"26,7",15:40,28,"5,0","15,6",17:30,"3,8","988,5",24,"981,6",16,76
2013-05-10,9434,"ZARAGOZA, AEROPUERTO",ZARAGOZA,249,"15,8","0,0","10,6",05:45,"21,1",17:15,99,"8,6","15,0",Varias,"11,5","990,4",11,"987,7",18,49
2013-05-11,9434,"ZARAGOZA, AEROPUERTO",ZARAGOZA,249,"14,7","0,0","8,4",05:20,"21,0",15:55,29,"8,9","16,4",12:20,"13,3","992,4",24,"989,6",Varias,48
2013-05-12,9434,"ZARAGOZA, AEROPUERTO",ZARAGOZA,249,"14,8","0,0","8,7",Varias,"20,8",16:00,29,"9,2","16,4",11:30,"13,5","994,0",08,"990,3",17,46
2013-05-13,9434,"ZARAGOZA, AEROPUERTO",ZARAGOZA,249,"17,6","0,0","9,2",06:20,"26,0",17:45,29,"3,3","11,9",00:20,"13,6","992,4",00,"985,7",19,47
2013-05-14,9434,"ZARAGOZA, AEROPUERTO",ZARAGOZA,249,"13,8","6,6","10,6",05:15,"17,0",17:00,27,"2,2","7,8",00:30,"3,3","986,8",00,"974,5",24,86
2013-05-15,9434,"ZARAGOZA, AEROPUERTO",ZARAGOZA,249,"11,6",Ip,"8,5",Varias,"14,8",00:00,29,"8,9","16,9",12:10,"2,4","974,5",00,"972,5",15,70
2013-05-16,9434,"ZARAGOZA, AEROPUERTO",ZARAGOZA,249,"11,8",Ip,"5,4",05:10,"18,2",15:30,28,"8,1","14,4",Varias,"9,4","973,6",00,"970,6",24,44
2013-05-17,9434,"ZARAGOZA, AEROPUERTO",ZARAGOZA,249,"11,9","4,5","6,8",05:30,"17,0",16:20,11,"4,2","11,4",17:40,"6,1","972,1",24,"969,0",17,76
2013-05-18,9434,"ZARAGOZA, AEROPUERTO",ZARAGOZA,249,"12,2","4,6","6,6",05:20,"17,7",16:40,33,"5,0","13,9",17:40,"5,8","981,6",24,"972,1",00,70
2013-05-19,9434,"ZARAGOZA, AEROPUERTO",ZARAGOZA,249,"13,4","0,0","8,4",01:30,"18,5",14:35,99,"4,4","10,3",Varias,"7,3","987,5",24,"981,6",00,60
2013-05-20,9434,"ZARAGOZA, AEROPUERTO",ZARAGOZA,249,"14,4","2,6","9,7",06:00,"19,0",14:00,29,"2,8","10,3",04:30,"8,3","989,6",24,"987,3",17,58
2013-05-21,9434,"ZARAGOZA, AEROPUERTO",ZARAGOZA,249,"11,9","0,0","6,2",03:50,"17,6",11:50,99,"8,6","16,1",Varias,"11,4","989,6",00,"985,7",18,55
2013-05-22,9434,"ZARAGOZA, AEROPUERTO",ZARAGOZA,249,"16,2","0,0","11,4",04:50,"21,0",12:50,29,"11,9","20,6",16:50,"13,4","987,4",22,"985,7",18,52
2013-05-23,9434,"ZARAGOZA, AEROPUERTO",ZARAGOZA,249,"14,6","0,0","11,4",04:40,"17,7",13:30,29,"9,7","19,2",08:10,"8,6","988,4",22,"985,6",04,56
2013-05-24,9434,"ZARAGOZA, AEROPUERTO",ZARAGOZA,249,"13,4","0,0","8,5",05:15,"18,3",14:30,34,"8,3","16,9",13:30,"12,5","988,6",23,"986,6",18,43
2013-05-25,9434,"ZARAGOZA, AEROPUERTO",ZARAGOZA,249,"13,6","0,0","8,8",02:15,"18,5",16:20,31,"8,9","17,5",12:10,"14,2","990,6",22,"987,7",04,39
2013-05-26,9434,"ZARAGOZA, AEROPUERTO",ZARAGOZA,249,"13,7","3,6","4,6",05:00,"22,8",14:45,19,"2,2","13,9",17:20,"10,1","990,4",00,"982,4",16,59
2013-05-27,9434,"ZARAGOZA, AEROPUERTO",ZARAGOZA,249,"16,2","0,2","11,2",23:59,"21,2",16:30,11,"4,4","14,4",15:10,"4,7","984,0",00,"977,9",15,79
2013-05-28,9434,"ZARAGOZA, AEROPUERTO",ZARAGOZA,249,"13,8","0,9","9,0",03:45,"18,5",13:15,30,"5,3","15,6",07:50,"6,1","982,9",Varias,"977,0",05,57
2013-05-29,9434,"ZARAGOZA, AEROPUERTO",ZARAGOZA,249,"12,8","3,0","7,1",04:00,"18,5",13:10,29,"3,9","16,9",16:30,"9,2","984,3",24,"981,2",15,54
2013-05-30,9434,"ZARAGOZA, AEROPUERTO",ZARAGOZA,249,"13,4","0,0","7,7",05:10,"19,0",Varias,31,"8,3","20,0",12:20,"11,4","987,1",21,"984,3",Varias,51
2013-05-31,9434,"ZARAGOZA, AEROPUERTO",ZARAGOZA,249,"15,1",Ip,"11,8",Varias,"18,4",16:00,31,"11,1","20,0",17:20,"6,1","990,9",24,"985,9",03,54
2013-06-01,9434,"ZARAGOZA, AEROPUERTO",ZARAGOZA,249,"16,2","0,0","12,0",Varias,"20,5",14:30,29,"11,9","20,6",12:20,"13,1","991,5",24,"989,4",03,55
2013-06-02,9434,"ZARAGOZA, AEROPUERTO",ZARAGOZA,249,"17,2","0,0","11,4",Varias,"22,9",14:40,29,"11,7","20,0",17:20,"14,0","991,5",00,"988,6",15,55
2013-06-03,9434,"ZARAGOZA, AEROPUERTO",ZARAGOZA,249,"17,8","0,0","10,6",04:50,"25,0",13:45,29,"8,3","16,1",12:00,"14,1","990,8",07,"985,4",18,45
2013-06-04,9434,"ZARAGOZA, AEROPUERTO",ZARAGOZA,249,"19,0","0,0","10,0",Varias,"27,9",Varias,99,"1,1","7,8",Varias,"13,1","987,3",00,"981,4",18,47
2013-06-05,9434,"ZARAGOZA, AEROPUERTO",ZARAGOZA,249,"21,4","0,0","13,8",05:25,"29,0",17:30,28,"1,4","7,8",00:10,"10,6","984,5",24,"981,2",18,49
2013-06-06,9434,"ZARAGOZA, AEROPUERTO",ZARAGOZA,249,"21,0","1,1","14,2",05:15,"27,8",13:10,14,"3,9","13,9",18:20,"6,8","985,4",Varias,"983,3",02,54
2013-06-07,9434,"ZARAGOZA, AEROPUERTO",ZARAGOZA,249,"21,2","16,2","15,0",Varias,"27,4",16:05,10,"5,6","14,4",17:50,"2,6","985,9",07,"981,4",18,51
2013-06-08,9434,"ZARAGOZA, AEROPUERTO",ZARAGOZA,249,"16,3","11,5","13,2",05:50,"19,4",10:30,28,"2,2","9,7",16:30,"5,5","984,8",00,"982,0",Varias,83
2013-06-09,9434,"ZARAGOZA, AEROPUERTO",ZARAGOZA,249,"17,4","5,1","12,4",03:30,"22,4",15:30,99,"4,7","14,4",Varias,"5,4","984,8",24,"980,3",Varias,82
2013-06-10,9434,"ZARAGOZA, AEROPUERTO",ZARAGOZA,249,"20,6","0,0","15,0",01:10,"26,3",Varias,29,"5,3","11,4",Varias,"12,4","986,1",24,"984,0",19,55
2013-06-11,9434,"ZARAGOZA, AEROPUERTO",ZARAGOZA,249,"23,0","0,0","16,3",05:45,"29,8",Varias,32,"3,6","9,7",11:30,"13,5","989,2",24,"986,1",Varias,53
2013-06-12,9434,"ZARAGOZA, AEROPUERTO",ZARAGOZA,249,"25,4","0,0","17,4",05:40,"33,3",16:25,26,"2,5","7,2",06:50,"14,1","990,5",09,"986,2",18,51
2013-06-13,9434,"ZARAGOZA, AEROPUERTO",ZARAGOZA,249,"24,5","0,0","18,6",23:00,"30,4",12:30,29,"6,4","16,9",16:20,"12,2","988,7",24,"986,5",13,56
2013-06-14,9434,"ZARAGOZA, AEROPUERTO",ZARAGOZA,249,"23,6","0,0","15,5",05:10,"31,8",Varias,99,"3,1","10,3",Varias,"13,4","988,7",00,"983,1",18,55
2013-06-15,9434,"ZARAGOZA, AEROPUERTO",ZARAGOZA,249,"23,2","0,0","13,4",05:30,"33,0",17:40,99,"4,2","9,7",Varias,"14,3","991,9",09,"983,3",18,38
2013-06-16,9434,"ZARAGOZA, AEROPUERTO",ZARAGOZA,249,"25,9","0,0","16,8",05:45,"35,0",15:30,99,"5,6","11,4",Varias,"14,0","984,9",Varias,"977,6",18,41
2013-06-17,9434,"ZARAGOZA, AEROPUERTO",ZARAGOZA,249,"24,7","1,5","18,7",23:59,"30,7",16:40,99,"4,4","10,3",Varias,"2,8","980,4",24,"976,5",16,45
2013-06-18,9434,"ZARAGOZA, AEROPUERTO",ZARAGOZA,249,"16,3","13,8","13,1",23:00,"19,5",00:30,26,"5,0","14,4",18:10,"0,0","982,2",23,"979,4",15,97
2013-06-19,9434,"ZARAGOZA, AEROPUERTO",ZARAGOZA,249,"16,2","0,1","12,2",05:15,"20,1",15:45,99,"3,9","16,9",Varias,"2,7","987,1",Varias,"982,0",Varias,78
2013-06-20,9434,"ZARAGOZA, AEROPUERTO",ZARAGOZA,249,"19,2","0,0","14,0",Varias,"24,4",18:00,99,"2,5","6,7",Varias,"8,5","988,0",12,"986,6",02,65
2013-06-21,9434,"ZARAGOZA, AEROPUERTO",ZARAGOZA,249,"20,0","0,0","15,0",04:50,"25,1",16:20,28,"6,1","12,5",12:10,"7,0","992,3",24,"987,3",03,84
2013-06-22,9434,"ZARAGOZA, AEROPUERTO",ZARAGOZA,249,"21,4","0,0","13,7",05:00,"29,0",17:40,28,"5,6","11,9",12:00,"14,4","993,2",08,"989,3",17,54
2013-06-23,9434,"ZARAGOZA, AEROPUERTO",ZARAGOZA,249,"19,2","0,0","14,4",23:59,"24,0",14:14,30,"10,8","19,2",14:20,"11,5","994,6",22,"990,3",04,65
2013-06-24,9434,"ZARAGOZA, AEROPUERTO",ZARAGOZA,249,"18,3","0,0","12,0",05:10,"24,6",15:15,28,"8,9","19,2",00:10,"13,8","995,6",09,"991,8",18,61
2013-06-25,9434,"ZARAGOZA, AEROPUERTO",ZARAGOZA,249,"20,0","0,0","12,6",05:00,"27,5",14:50,29,"8,9","19,2",20:20,"14,3","994,6",07,"989,6",18,59
2013-06-26,9434,"ZARAGOZA, AEROPUERTO",ZARAGOZA,249,"21,1","0,0","14,6",05:20,"27,6",16:30,29,"5,6","16,1",01:50,"13,5","994,7",09,"991,2",17,48
2013-06-27,9434,"ZARAGOZA, AEROPUERTO",ZARAGOZA,249,"20,7","0,0","13,8",Varias,"27,6",Varias,29,"7,8","19,7",19:30,"12,4","994,6",Varias,"990,6",17,51
2013-06-28,9434,"ZARAGOZA, AEROPUERTO",ZARAGOZA,249,"21,9","0,0","14,6",06:00,"29,2",15:50,29,"9,4","19,2",20:10,"13,0","995,0",24,"991,6",18,49
2013-06-29,9434,"ZARAGOZA, AEROPUERTO",ZARAGOZA,249,"23,3","0,0","15,2",05:00,"31,4",15:35,30,"7,2","16,1",21:20,"14,0","996,5",08,"992,0",Varias,40
2013-06-30,9434,"ZARAGOZA, AEROPUERTO",ZARAGOZA,249,"24,6","0,0","17,0",05:10,"32,2",Varias,29,"3,6","11,4",07:20,"14,1","992,8",00,"985,5",19,47
2013-07-01,9434,"ZARAGOZA, AEROPUERTO",ZARAGOZA,249,"25,8","0,7","17,6",05:20,"34,0",16:20,28,"4,2","20,0",17:40,"10,6","987,9",24,"982,9",16,65
2013-07-02,9434,"ZARAGOZA, AEROPUERTO",ZARAGOZA,249,"24,8","0,0","17,6",05:45,"31,9",15:55,18,"3,3","10,3",19:00,"10,3","987,9",00,"983,5",17,60
2013-07-03,9434,"ZARAGOZA, AEROPUERTO",ZARAGOZA,249,"26,0","0,0","20,3",05:30,"31,6",15:15,30,"6,4","15,0",Varias,"14,0","991,1",24,"986,1",00,52
2013-07-04,9434,"ZARAGOZA, AEROPUERTO",ZARAGOZA,249,"26,7","0,0","19,4",05:00,"34,0",17:00,99,"6,9","15,0",Varias,"14,1","991,9",24,"988,4",17,50
2013-07-05,9434,"ZARAGOZA, AEROPUERTO",ZARAGOZA,249,"27,4","0,0","18,9",05:00,"35,9",17:40,29,"2,2","9,2",08:10,"14,4","993,1",08,"989,2",19,46
2013-07-06,9434,"ZARAGOZA, AEROPUERTO",ZARAGOZA,249,"28,4","0,0","20,4",05:00,"36,5",17:20,29,"0,8","10,8",23:10,"14,1","993,0",08,"988,7",18,51
2013-07-07,9434,"ZARAGOZA, AEROPUERTO",ZARAGOZA,249,"28,6","0,0","21,5",05:25,"35,8",17:20,29,"4,7","11,4",21:31,"13,9","992,3",08,"987,9",18,40
2013-07-08,9434,"ZARAGOZA, AEROPUERTO",ZARAGOZA,249,"28,3","0,0","21,1",05:45,"35,5",Varias,11,"2,5","11,4",19:54,"13,9","991,3",07,"986,3",17,41
2013-07-09,9434,"ZARAGOZA, AEROPUERTO",ZARAGOZA,249,"28,4","0,0","21,4",04:50,"35,5",16:30,12,"4,4","9,7",21:40,"12,0","988,9",Varias,"983,2",19,36
2013-07-10,9434,"ZARAGOZA, AEROPUERTO",ZARAGOZA,249,"27,4","5,3","19,4",Varias,"35,5",16:00,99,"1,9","13,3",Varias,"10,7","985,6",04,"979,6",Varias,44
2013-07-11,9434,"ZARAGOZA, AEROPUERTO",ZARAGOZA,249,"26,4","0,0","19,4",Varias,"33,5",17:25,10,"1,9","11,9",20:20,"13,7","984,9",01,"981,1",Varias,53
2013-07-12,9434,"ZARAGOZA, AEROPUERTO",ZARAGOZA,249,"28,0","0,4","20,6",05:00,"35,5",16:30,21,"3,3","11,9",21:15,"13,4","986,7",24,"982,3",18,46
2013-07-13,9434,"ZARAGOZA, AEROPUERTO",ZARAGOZA,249,"27,4","5,1","19,7",05:15,"35,0",17:05,20,"2,8","12,8",18:10,"10,9","988,9",24,"983,2",16,50
2013-07-14,9434,"ZARAGOZA, AEROPUERTO",ZARAGOZA,249,"25,5","0,0","18,0",03:40,"33,0",16:30,33,"1,9","15,6",18:48,"10,9","990,7",21,"985,9",17,47
2013-07-15,9434,"ZARAGOZA, AEROPUERTO",ZARAGOZA,249,"26,1","5,4","19,2",04:45,"33,0",16:40,34,"2,2","13,3",18:57,"11,9","991,2",07,"987,0",16,50
2013-07-16,9434,"ZARAGOZA, AEROPUERTO",ZARAGOZA,249,"26,2","0,0","19,0",03:00,"33,5",15:20,29,"1,7","14,4",20:11,"9,3","990,6",08,"986,1",17,53
2013-07-17,9434,"ZARAGOZA, AEROPUERTO",ZARAGOZA,249,"26,2","0,0","19,9",04:30,"32,5",14:50,28,"3,3","11,4",22:03,"9,9","991,7",Varias,"988,1",18,51
2013-07-18,9434,"ZARAGOZA, AEROPUERTO",ZARAGOZA,249,"26,6","0,0","20,4",05:30,"32,8",14:30,28,"1,9","9,7",00:37,"11,7","990,5",08,"985,9",19,44
2013-07-19,9434,"ZARAGOZA, AEROPUERTO",ZARAGOZA,249,"26,9","1,5","20,3",05:40,"33,5",15:50,12,"1,9","8,9",21:30,"9,0","987,3",07,"982,9",18,54
2013-07-20,9434,"ZARAGOZA, AEROPUERTO",ZARAGOZA,249,"27,6",Ip,"21,5",05:10,"33,8",15:45,33,"2,5","11,4",18:33,"8,1","986,2",23,"982,2",17,57
2013-07-21,9434,"ZARAGOZA, AEROPUERTO",ZARAGOZA,249,"26,5","2,6","18,9",23:00,"34,1",13:30,24,"5,0","16,9",16:16,"5,8","988,3",21,"984,6",15,48
2013-07-22,9434,"ZARAGOZA, AEROPUERTO",ZARAGOZA,249,"25,2","0,0","16,7",05:30,"33,8",Varias,11,"3,1","8,3",14:32,"13,3","988,0",Varias,"983,0",18,48
2013-07-23,9434,"ZARAGOZA, AEROPUERTO",ZARAGOZA,249,"28,0","2,5","20,9",23:59,"35,2",16:00,99,"1,9","9,7",Varias,"9,3","985,6",24,"980,8",17,46
2013-07-24,9434,"ZARAGOZA, AEROPUERTO",ZARAGOZA,249,"27,5","0,0","20,0",05:30,"35,0",16:50,99,"1,9","6,1",Varias,"13,0","987,4",08,"983,7",18,48
2013-07-25,9434,"ZARAGOZA, AEROPUERTO",ZARAGOZA,249,"30,1","0,0","22,5",05:00,"37,7",16:00,99,"5,3","12,5",Varias,"12,6","985,7",08,"980,5",18,47
2013-07-26,9434,"ZARAGOZA, AEROPUERTO",ZARAGOZA,249,"29,4","0,0","21,4",05:00,"37,5",15:25,99,"5,8","12,8",Varias,"13,1","982,8",08,"977,7",18,40
2013-07-27,9434,"ZARAGOZA, AEROPUERTO",ZARAGOZA,249,"29,4","0,0","22,5",05:35,"36,3",16:50,25,"5,3","12,8",14:54,"9,5","980,9",24,"976,6",18,39
2013-07-28,9434,"ZARAGOZA, AEROPUERTO",ZARAGOZA,249,"25,9","0,0","20,8",23:59,"31,0",18:00,28,"4,2","11,9",14:33,"6,2","988,2",24,"980,9",00,28
2013-07-29,9434,"ZARAGOZA, AEROPUERTO",ZARAGOZA,249,"24,2","0,0","17,5",05:35,"31,0",16:25,34,"4,2","9,2",10:47,"13,5","992,9",24,"988,2",00,36
2013-07-30,9434,"ZARAGOZA, AEROPUERTO",ZARAGOZA,249,"26,6","0,0","18,8",05:30,"34,5",17:00,28,"3,6","9,2",Varias,"13,7","994,6",08,"989,9",18,41
2013-07-31,9434,"ZARAGOZA, AEROPUERTO",ZARAGOZA,249,"28,0","0,0","18,5",05:45,"37,5",16:00,13,"3,6","10,8",20:13,"13,5","990,4",00,"983,7",18,32
2013-08-01,9434,"ZARAGOZA, AEROPUERTO",ZARAGOZA,249,"29,7","0,0","21,6",04:40,"37,8",15:20,99,"7,2","14,4",Varias,"12,8","985,1",07,"980,9",18,31
2013-08-02,9434,"ZARAGOZA, AEROPUERTO",ZARAGOZA,249,"29,2","0,0","21,6",04:30,"36,9",14:00,09,"6,1","12,8",14:39,"10,8","986,4",24,"981,9",18,39
2013-08-03,9434,"ZARAGOZA, AEROPUERTO",ZARAGOZA,249,"27,6","0,0","20,8",06:50,"34,3",16:40,99,"5,3","10,8",Varias,"12,1","989,4",24,"985,0",18,52
2013-08-04,9434,"ZARAGOZA, AEROPUERTO",ZARAGOZA,249,"27,6","0,0","21,0",04:30,"34,2",17:00,30,"3,3","9,7",00:02,"11,9","990,9",09,"985,7",18,48
2013-08-05,9434,"ZARAGOZA, AEROPUERTO",ZARAGOZA,249,"29,4","0,0","21,2",05:30,"37,5",17:00,29,"4,4","13,3",Varias,"12,4","986,5",24,"981,7",18,43
2013-08-06,9434,"ZARAGOZA, AEROPUERTO",ZARAGOZA,249,"27,1","0,0","20,2",Varias,"34,0",15:20,30,"3,6","12,5",00:10,"6,9","986,5",00,"978,9",18,51
2013-08-07,9434,"ZARAGOZA, AEROPUERTO",ZARAGOZA,249,"24,4","20,4","17,2",23:59,"31,5",15:25,32,"4,7","15,6",16:54,"8,5","987,3",24,"979,1",17,65
2013-08-08,9434,"ZARAGOZA, AEROPUERTO",ZARAGOZA,249,"21,2","0,0","15,5",05:50,"26,8",16:30,30,"7,5","15,6",10:36,"12,9","993,6",21,"986,1",03,48
2013-08-09,9434,"ZARAGOZA, AEROPUERTO",ZARAGOZA,249,"23,4","0,0","16,4",05:15,"30,5",15:30,30,"6,7","16,1",Varias,"13,2","994,4",10,"990,5",19,45
2013-08-10,9434,"ZARAGOZA, AEROPUERTO",ZARAGOZA,249,"25,0","0,0","17,5",06:00,"32,4",16:05,99,"8,1","13,9",Varias,"13,2","992,2",02,"988,3",18,41
2013-08-11,9434,"ZARAGOZA, AEROPUERTO",ZARAGOZA,249,"26,7","0,0","18,5",05:50,"34,9",17:30,99,"2,8","9,7",Varias,"13,1","989,8",Varias,"984,4",19,40
2013-08-12,9434,"ZARAGOZA, AEROPUERTO",ZARAGOZA,249,"27,6",Ip,"20,7",06:50,"34,6",,31,"2,5","10,3",18:10,"7,7","989,2",24,"982,6",16,40
2013-08-13,9434,"ZARAGOZA, AEROPUERTO",ZARAGOZA,249,"25,9","0,0","19,1",06:40,"32,7",16:15,29,"6,1","13,9",22:00,"9,5","989,3",01,"986,5",17,53
2013-08-14,9434,"ZARAGOZA, AEROPUERTO",ZARAGOZA,249,"25,6","0,0","18,6",06:00,"32,5",17:30,31,"5,3","12,8",23:20,"12,7","990,0",10,"986,0",18,44
2013-08-15,9434,"ZARAGOZA, AEROPUERTO",ZARAGOZA,249,"25,8","0,0","18,2",05:30,"33,3",18:00,28,"1,7","9,2",Varias,"12,2","989,4",07,"985,2",18,42
2013-08-16,9434,"ZARAGOZA, AEROPUERTO",ZARAGOZA,249,"26,2","0,4","20,6",23:59,"31,9",14:20,21,"2,5","16,1",Varias,"6,9","990,4",22,"984,2",14,61
2013-08-17,9434,"ZARAGOZA, AEROPUERTO",ZARAGOZA,249,"25,0","0,0","18,4",Varias,"31,5",16:00,29,"1,7","8,9",08:13,"12,8","989,9",00,"985,9",18,51
2013-08-18,9434,"ZARAGOZA, AEROPUERTO",ZARAGOZA,249,"27,0","0,0","19,8",05:30,"34,1",16:30,14,"1,7","5,6",14:03,"10,5","988,3",08,"984,7",18,52
2013-08-19,9434,"ZARAGOZA, AEROPUERTO",ZARAGOZA,249,"26,5","0,0","20,6",05:40,"32,4",15:10,31,"7,8","18,1",20:49,"12,4","992,5",24,"986,3",00,52
2013-08-20,9434,"ZARAGOZA, AEROPUERTO",ZARAGOZA,249,"24,9","0,0","17,9",06:10,"31,9",16:40,29,"4,7","16,1",01:01,"12,8","993,0",09,"989,0",18,46
2013-08-21,9434,"ZARAGOZA, AEROPUERTO",ZARAGOZA,249,"25,6","0,0","16,7",06:00,"34,5",16:10,11,"2,2","6,7",22:12,"12,7","990,4",07,"984,7",18,41
2013-08-22,9434,"ZARAGOZA, AEROPUERTO",ZARAGOZA,249,"27,2","0,0","20,2",05:00,"34,2",16:15,13,"3,6","10,3",16:18,"11,8","985,9",Varias,"981,3",17,59
2013-08-23,9434,"ZARAGOZA, AEROPUERTO",ZARAGOZA,249,"26,0","0,0","19,5",05:50,"32,5",16:40,12,"3,6","9,7",19:26,"12,0","985,8",10,"982,4",18,54
2013-08-24,9434,"ZARAGOZA, AEROPUERTO",ZARAGOZA,249,"23,4","0,0","18,2",23:59,"28,5",15:10,29,"9,7","18,1",12:50,"10,3","987,9",24,"985,1",00,42
2013-08-25,9434,"ZARAGOZA, AEROPUERTO",ZARAGOZA,249,"22,5","0,0","17,0",06:00,"28,0",17:15,29,"7,8","15,0",00:40,"11,9","987,9",00,"981,4",18,46
2013-08-26,9434,"ZARAGOZA, AEROPUERTO",ZARAGOZA,249,"23,0","0,0","17,5",Varias,"28,5",15:50,30,"5,8","12,8",23:01,"10,8","983,9",24,"980,8",16,46
2013-08-27,9434,"ZARAGOZA, AEROPUERTO",ZARAGOZA,249,"22,9","0,0","17,0",06:15,"28,8",14:45,30,"5,6","14,4",17:10,"10,8","986,5",24,"983,8",16,45
2013-08-28,9434,"ZARAGOZA, AEROPUERTO",ZARAGOZA,249,"22,0","0,0","17,5",04:40,"26,5",17:20,30,"3,3","13,9",01:02,"3,5","988,2",09,"985,5",18,49
2013-08-29,9434,"ZARAGOZA, AEROPUERTO",ZARAGOZA,249,"22,4","0,0","16,4",05:45,"28,3",15:55,30,"3,9","11,4",21:00,"9,8","990,2",10,"987,7",18,46
2013-08-30,9434,"ZARAGOZA, AEROPUERTO",ZARAGOZA,249,"23,9","0,0","17,8",05:45,"30,0",15:00,30,"5,6","14,4",21:52,"11,5","991,8",24,"988,5",17,46
2013-08-31,9434,"ZARAGOZA, AEROPUERTO",ZARAGOZA,249,"22,8","0,0","16,5",06:00,"29,2",15:50,31,"6,7","14,4",21:54,"12,3","993,0",09,"990,2",18,44
2013-09-01,9434,"ZARAGOZA, AEROPUERTO",ZARAGOZA,249,"23,2","0,0","16,5",06:30,"30,0",Varias,29,"6,4","12,5",20:10,"12,0","993,4",09,"990,3",17,47
2013-09-02,9434,"ZARAGOZA, AEROPUERTO",ZARAGOZA,249,"23,3","0,0","17,0",05:30,"29,6",16:50,99,"3,3","10,8",Varias,"10,8","994,1",09,"990,6",18,46
2013-09-03,9434,"ZARAGOZA, AEROPUERTO",ZARAGOZA,249,"23,9","0,0","14,0",05:50,"33,8",16:40,08,"1,9","8,3",13:34,"12,0","994,2",09,"989,8",18,46
2013-09-04,9434,"ZARAGOZA, AEROPUERTO",ZARAGOZA,249,"23,6","0,0","16,7",05:45,"30,6",16:30,07,"4,2","10,8",12:54,"11,8","991,4",09,"986,8",18,49
2013-09-05,9434,"ZARAGOZA, AEROPUERTO",ZARAGOZA,249,"23,5","0,0","15,6",05:00,"31,4",17:00,99,"2,2","11,9",Varias,"10,3","987,6",00,"980,1",19,50
2013-09-06,9434,"ZARAGOZA, AEROPUERTO",ZARAGOZA,249,"23,2",Ip,"17,1",06:20,"29,3",15:30,28,"3,3","9,7",17:50,"9,5","984,6",24,"980,4",16,62
2013-09-07,9434,"ZARAGOZA, AEROPUERTO",ZARAGOZA,249,"21,2","2,1","17,7",05:45,"24,8",15:45,99,"2,8","10,3",Varias,"2,0","987,5",24,"984,0",17,71
2013-09-08,9434,"ZARAGOZA, AEROPUERTO",ZARAGOZA,249,"21,0","0,2","16,3",07:15,"25,6",15:50,29,"3,6","10,8",18:54,"5,3","995,8",24,"987,5",00,72
2013-09-09,9434,"ZARAGOZA, AEROPUERTO",ZARAGOZA,249,"20,0","0,0","12,3",05:50,"27,7",15:10,99,"4,7","10,3",Varias,"11,7","995,8",00,"991,3",18,42
2013-09-10,9434,"ZARAGOZA, AEROPUERTO",ZARAGOZA,249,"22,8","0,0","17,0",23:59,"28,5",15:40,29,"6,4","14,4",Varias,"11,2","992,4",00,"987,7",16,55
2013-09-11,9434,"ZARAGOZA, AEROPUERTO",ZARAGOZA,249,"19,2","0,0","14,8",03:00,"23,6",13:10,99,"8,1","15,6",Varias,"10,9","991,9",10,"989,5",18,44
2013-09-12,9434,"ZARAGOZA, AEROPUERTO",ZARAGOZA,249,"18,6","0,0","12,5",04:30,"24,7",15:10,99,"7,5","14,4",Varias,"10,8","992,5",10,"990,0",Varias,49
2013-09-13,9434,"ZARAGOZA, AEROPUERTO",ZARAGOZA,249,"21,6","0,0","14,6",Varias,"28,5",16:30,30,"3,3","9,7",00:50,"11,8","994,0",10,"990,3",18,56
2013-09-14,9434,"ZARAGOZA, AEROPUERTO",ZARAGOZA,249,"22,9","0,0","14,8",06:30,"31,0",15:30,29,"1,4","11,4",21:30,"11,6","991,7",00,"984,2",18,51
2013-09-15,9434,"ZARAGOZA, AEROPUERTO",ZARAGOZA,249,"20,4","0,0","16,1",23:59,"24,7",14:20,30,"8,9","16,9",11:06,"11,0","988,9",09,"985,5",16,48
2013-09-16,9434,"ZARAGOZA, AEROPUERTO",ZARAGOZA,249,"20,8","0,0","13,2",06:40,"28,3",15:15,29,"5,8","11,9",13:05,"11,5","987,1",00,"981,8",17,48
2013-09-17,9434,"ZARAGOZA, AEROPUERTO",ZARAGOZA,249,"19,8","0,0","15,5",05:50,"24,0",16:10,99,"7,8","16,4",Varias,"10,6","986,7",13,"984,6",04,54
2013-09-18,9434,"ZARAGOZA, AEROPUERTO",ZARAGOZA,249,"20,4","0,0","14,4",05:50,"26,5",16:00,32,"5,3","16,1",14:06,"11,4","986,7",23,"983,9",16,55
2013-09-19,9434,"ZARAGOZA, AEROPUERTO",ZARAGOZA,249,"21,6","0,0","17,5",06:10,"25,6",14:10,99,"10,3","18,6",Varias,"10,7","987,8",23,"985,4",15,51
2013-09-20,9434,"ZARAGOZA, AEROPUERTO",ZARAGOZA,249,"22,2","0,0","16,8",06:10,"27,5",15:30,29,"7,8","15,6",00:41,"9,9","991,0",24,"978,1",04,55
2013-09-21,9434,"ZARAGOZA, AEROPUERTO",ZARAGOZA,249,"22,6","0,0","15,9",06:10,"29,3",16:20,29,"3,3","20,0",00:25,"11,1","993,5",24,"990,7",03,48
2013-09-22,9434,"ZARAGOZA, AEROPUERTO",ZARAGOZA,249,"21,2","0,0","12,5",05:00,"30,0",15:50,07,"1,4","6,1",14:40,"10,6","994,0",09,"990,2",18,47
2013-09-23,9434,"ZARAGOZA, AEROPUERTO",ZARAGOZA,249,"22,8","0,0","15,8",03:30,"29,8",14:40,11,"3,3","8,9",Varias,"8,0","991,2",Varias,"986,2",18,59
2013-09-24,9434,"ZARAGOZA, AEROPUERTO",ZARAGOZA,249,"23,7","0,0","17,9",Varias,"29,5",16:00,08,"1,4","5,6",Varias,"8,4","986,8",00,"982,4",17,64
2013-09-25,9434,"ZARAGOZA, AEROPUERTO",ZARAGOZA,249,"24,4","0,0","17,0",Varias,"31,8",15:30,99,"3,3","8,9",Varias,"7,6","984,8",10,"980,6",17,58
2013-09-26,9434,"ZARAGOZA, AEROPUERTO",ZARAGOZA,249,"25,5",Ip,"18,0",05:45,"33,0",16:00,99,"3,9","8,3",Varias,"7,9","985,6",09,"980,4",17,59
2013-09-27,9434,"ZARAGOZA, AEROPUERTO",ZARAGOZA,249,"24,8","7,4","19,4",06:10,"30,3",15:30,22,"2,2","13,3",23:35,"4,1","983,1",09,"978,0",23,58
2013-09-28,9434,"ZARAGOZA, AEROPUERTO",ZARAGOZA,249,"22,5","1,0","17,2",06:15,"27,8",14:00,26,"2,2","16,1",15:37,"4,1","979,5",00,"975,0",15,70
2013-09-29,9434,"ZARAGOZA, AEROPUERTO",ZARAGOZA,249,"21,8","0,0","16,5",07:00,"27,0",15:50,30,"4,4","16,9",10:15,"6,7","978,9",24,"976,0",13,59
2013-09-30,9434,"ZARAGOZA, AEROPUERTO",ZARAGOZA,249,"24,0","1,1","19,2",05:00,"28,8",Varias,24,"1,1","11,4",07:30,"5,8","978,9",00,"976,7",17,57
2013-10-01,9434,"ZARAGOZA, AEROPUERTO",ZARAGOZA,249,"25,3","0,0","18,6",07:00,"32,0",16:00,25,"3,6","11,4",13:05,"6,7","980,9",23,"977,9",15,62
2013-10-02,9434,"ZARAGOZA, AEROPUERTO",ZARAGOZA,249,"24,2","2,7","17,3",06:30,"31,2",13:30,12,"2,2","8,9",21:16,"10,3","981,9",09,"978,6",18,56
2013-10-03,9434,"ZARAGOZA, AEROPUERTO",ZARAGOZA,249,"23,6","2,6","20,1",07:00,"27,2",13:15,10,"5,6","13,3",14:14,"3,5","985,4",23,"980,2",Varias,85
2013-10-04,9434,"ZARAGOZA, AEROPUERTO",ZARAGOZA,249,"19,8","7,6","17,0",11:20,"22,5",16:10,30,"2,8","15,0",10:06,"2,9","989,6",24,"983,6",05,86
2013-10-05,9434,"ZARAGOZA, AEROPUERTO",ZARAGOZA,249,"19,6","0,0","14,8",Varias,"24,5",15:30,29,"6,9","13,3",21:24,"10,5","993,9",24,"989,6",00,60
2013-10-06,9434,"ZARAGOZA, AEROPUERTO",ZARAGOZA,249,"18,8","0,0","13,6",07:00,"23,9",Varias,29,"6,4","14,4",14:50,"10,5","993,9",Varias,"991,3",17,54
2013-10-07,9434,"ZARAGOZA, AEROPUERTO",ZARAGOZA,249,"17,7","0,0","12,0",06:30,"23,4",15:45,30,"3,1","9,2",09:29,"10,5","992,8",10,"990,3",16,58
2013-10-08,9434,"ZARAGOZA, AEROPUERTO",ZARAGOZA,249,"17,0","0,0","11,4",06:15,"22,7",16:00,29,"3,9","10,8",22:30,"10,4","993,7",09,"991,2",17,61
2013-10-09,9434,"ZARAGOZA, AEROPUERTO",ZARAGOZA,249,"17,1","0,0","11,5",06:20,"22,7",Varias,30,"4,4","12,8",09:04,"10,5","993,3",09,"989,1",17,59
2013-10-10,9434,"ZARAGOZA, AEROPUERTO",ZARAGOZA,249,"16,4","0,0","10,4",05:10,"22,3",14:30,31,"6,1","15,0",14:31,"10,2","989,4",00,"984,5",17,58
2013-10-11,9434,"ZARAGOZA, AEROPUERTO",ZARAGOZA,249,"14,4","0,0","9,8",05:50,"19,0",14:50,32,"6,4","15,6",01:42,"9,0","987,9",24,"983,4",16,46
2013-10-12,9434,"ZARAGOZA, AEROPUERTO",ZARAGOZA,249,"12,6","0,0","5,4",07:00,"19,9",15:15,27,"0,6","6,7",00:01,"8,8","989,0",10,"986,5",16,57
2013-10-13,9434,"ZARAGOZA, AEROPUERTO",ZARAGOZA,249,"14,2","0,0","6,1",05:50,"22,2",16:30,99,"1,1","5,6",Varias,"10,0","990,7",09,"987,8",17,60
2013-10-14,9434,"ZARAGOZA, AEROPUERTO",ZARAGOZA,249,"16,8","0,0","9,4",06:30,"24,3",14:05,99,"0,8","4,2",Varias,"7,3","990,5",09,"987,4",17,62
2013-10-15,9434,"ZARAGOZA, AEROPUERTO",ZARAGOZA,249,"19,6","0,0","14,9",06:10,"24,4",11:55,25,"2,8","13,9",11:10,"0,5","989,1",Varias,"986,6",16,61
2013-10-16,9434,"ZARAGOZA, AEROPUERTO",ZARAGOZA,249,"20,2","0,0","13,1",05:30,"27,2",15:00,31,"2,5","10,3",15:10,"10,2","990,4",23,"987,5",16,60
2013-10-17,9434,"ZARAGOZA, AEROPUERTO",ZARAGOZA,249,"20,6","0,0","14,1",05:45,"27,0",15:45,99,"0,8","6,1",Varias,"7,6","990,3",Varias,"985,6",24,64
2013-10-18,9434,"ZARAGOZA, AEROPUERTO",ZARAGOZA,249,"21,2","0,0","13,9",07:10,"28,6",15:30,12,"2,5","7,8",15:44,"8,5","985,6",00,"981,9",16,58
2013-10-19,9434,"ZARAGOZA, AEROPUERTO",ZARAGOZA,249,"20,5","4,0","16,4",06:30,"24,6",16:20,19,"2,2","9,2",20:20,"1,6","987,8",24,"982,7",02,74
2013-10-20,9434,"ZARAGOZA, AEROPUERTO",ZARAGOZA,249,"20,2","0,0","15,3",05:05,"25,2",16:05,06,"0,8","6,1",10:41,"7,6","988,2",21,"986,3",03,77
2013-10-21,9434,"ZARAGOZA, AEROPUERTO",ZARAGOZA,249,"18,8","0,0","12,7",07:10,"24,8",13:30,99,"1,4","6,7",Varias,"5,0","988,3",09,"982,9",24,66
2013-10-22,9434,"ZARAGOZA, AEROPUERTO",ZARAGOZA,249,"17,6","1,8","15,7",17:50,"19,5",13:30,12,"2,8","9,2",Varias,"0,0","982,9",00,"979,2",18,88
2013-10-23,9434,"ZARAGOZA, AEROPUERTO",ZARAGOZA,249,"19,5",Ip,"13,7",23:59,"25,3",14:30,99,"4,4","11,9",Varias,"8,4","986,8",23,"981,1",00,60
2013-10-24,9434,"ZARAGOZA, AEROPUERTO",ZARAGOZA,249,"18,3",Ip,"11,4",07:50,"25,2",14:05,99,"3,9","10,8",Varias,"6,3","986,8",09,"981,7",15,58
2013-10-25,9434,"ZARAGOZA, AEROPUERTO",ZARAGOZA,249,"21,5","0,0","16,6",06:30,"26,4",13:40,14,"5,8","11,9",12:38,"4,3","985,7",24,"981,4",15,69
2013-10-26,9434,"ZARAGOZA, AEROPUERTO",ZARAGOZA,249,"21,8","0,0","16,3",07:00,"27,2",14:50,99,"2,5","7,2",Varias,"6,6","990,2",24,"985,7",00,66
2013-10-27,9434,"ZARAGOZA, AEROPUERTO",ZARAGOZA,249,"19,5","0,0","13,4",23:59,"25,6",14:40,99,"3,3","9,2",Varias,"7,4","994,0",10,"990,2",Varias,54
2013-10-28,9434,"ZARAGOZA, AEROPUERTO",ZARAGOZA,249,"19,0","0,0","10,8",05:50,"27,3",14:20,26,"3,3","12,5",Varias,"7,8","990,2",00,"985,0",13,55
2013-10-29,9434,"ZARAGOZA, AEROPUERTO",ZARAGOZA,249,"13,8","0,0","10,2",23:59,"17,5",12:50,30,"8,9","18,6",15:27,"7,7","991,1",24,"987,9",00,56
2013-10-30,9434,"ZARAGOZA, AEROPUERTO",ZARAGOZA,249,"13,6","0,0","9,4",06:50,"17,7",14:30,31,"8,1","16,4",15:11,"9,6","992,7",24,"990,1",15,51
2013-10-31,9434,"ZARAGOZA, AEROPUERTO",ZARAGOZA,249,"10,8","0,0","4,0",06:45,"17,6",15:30,33,"3,9","12,8",12:46,"9,6","994,4",11,"992,0",04,54
2013-11-01,9434,"ZARAGOZA, AEROPUERTO",ZARAGOZA,249,"9,8","0,0","2,5",05:50,"17,2",15:15,07,"1,1","5,6",11:48,"5,6","994,0",09,"988,7",24,62
2013-11-02,9434,"ZARAGOZA, AEROPUERTO",ZARAGOZA,249,"18,4","0,0","11,1",05:15,"25,8",14:10,23,"2,2","11,4",23:41,"9,2","988,7",00,"984,7",16,55
2013-11-03,9434,"ZARAGOZA, AEROPUERTO",ZARAGOZA,249,"15,1","1,6","10,2",22:30,"20,0",15:25,30,"3,9","9,7",10:44,"6,6","990,0",11,"985,0",24,63
2013-11-04,9434,"ZARAGOZA, AEROPUERTO",ZARAGOZA,249,"14,0","2,7","10,5",01:00,"17,6",12:00,25,"4,4","16,4",Varias,"0,3","985,0",00,"977,2",13,78
2013-11-05,9434,"ZARAGOZA, AEROPUERTO",ZARAGOZA,249,"17,8","0,0","12,5",01:10,"23,0",15:20,33,"8,1","19,2",13:40,"5,9","987,7",24,"979,7",03,69
2013-11-06,9434,"ZARAGOZA, AEROPUERTO",ZARAGOZA,249,"18,6","0,0","13,5",23:59,"23,8",15:15,29,"3,9","11,9",10:26,"9,5","990,2",09,"987,1",17,65
2013-11-07,9434,"ZARAGOZA, AEROPUERTO",ZARAGOZA,249,"16,0","0,0","10,4",06:00,"21,7",13:30,23,"0,8","7,2",23:49,"4,7","989,3",10,"986,3",18,78
2013-11-08,9434,"ZARAGOZA, AEROPUERTO",ZARAGOZA,249,"15,2","0,7","9,5",05:30,"21,0",11:45,29,"4,7","13,3",19:04,"3,7","990,9",24,"985,2",15,72
2013-11-09,9434,"ZARAGOZA, AEROPUERTO",ZARAGOZA,249,"13,0","0,0","7,0",03:20,"19,1",15:45,27,"5,0","14,4",14:31,"7,2","993,5",09,"990,4",15,55
2013-11-10,9434,"ZARAGOZA, AEROPUERTO",ZARAGOZA,249,"14,4","0,0","10,2",07:10,"18,6",13:10,32,"7,5","18,6",12:43,"1,8","995,4",22,"992,5",03,60
2013-11-11,9434,"ZARAGOZA, AEROPUERTO",ZARAGOZA,249,"15,8","0,0","13,1",03:30,"18,5",13:10,30,"13,9","24,7",10:22,"8,3","995,0",00,"991,9",15,65
2013-11-12,9434,"ZARAGOZA, AEROPUERTO",ZARAGOZA,249,"16,6","0,0","12,8",Varias,"20,4",14:30,29,"9,7","18,1",12:17,"8,6","993,8",00,"990,5",15,64
2013-11-13,9434,"ZARAGOZA, AEROPUERTO",ZARAGOZA,249,"16,2","0,0","13,0",Varias,"19,5",13:55,30,"9,7","16,9",14:42,"6,1","993,2",24,"990,5",05,64
2013-11-14,9434,"ZARAGOZA, AEROPUERTO",ZARAGOZA,249,"12,8","0,0","10,5",05:00,"15,2",12:25,31,"10,3","25,3",11:20,"9,0","997,6",18,"993,2",00,50
2013-11-15,9434,"ZARAGOZA, AEROPUERTO",ZARAGOZA,249,"7,6","0,0","3,6",23:59,"11,7",14:30,99,"10,0","18,6",Varias,"6,8","994,4",00,"988,0",14,51
2013-11-16,9434,"ZARAGOZA, AEROPUERTO",ZARAGOZA,249,"4,4","38,4","1,9",03:00,"7,0",23:59,31,"6,1","11,9",10:24,"0,0","990,3",10,"986,9",24,91
2013-11-17,9434,"ZARAGOZA, AEROPUERTO",ZARAGOZA,249,"8,8","8,7","7,0",00:00,"10,5",15:30,29,"2,2","11,4",23:59,"0,0","986,9",00,"980,6",24,94
2013-11-18,9434,"ZARAGOZA, AEROPUERTO",ZARAGOZA,249,"9,8","10,7","7,9",Varias,"11,7",14:05,29,"8,3","23,3",23:20,"0,0","980,6",00,"973,6",15,88
2013-11-19,9434,"ZARAGOZA, AEROPUERTO",ZARAGOZA,249,"10,4","0,0","6,4",23:59,"14,5",13:55,30,"11,1","21,1",00:23,"7,5","986,3",24,"975,1",00,66
2013-11-20,9434,"ZARAGOZA, AEROPUERTO",ZARAGOZA,249,"6,3","0,0","3,0",22:10,"9,6",12:30,99,"7,5","16,4",Varias,"5,6","987,9",10,"983,8",24,68
2013-11-21,9434,"ZARAGOZA, AEROPUERTO",ZARAGOZA,249,"8,0","0,8","6,3",21:00,"9,8",13:30,26,"8,1","20,6",06:14,"0,0","983,8",00,"975,2",24,65
2013-11-22,9434,"ZARAGOZA, AEROPUERTO",ZARAGOZA,249,"7,0","0,0","4,3",23:15,"9,6",14:10,29,"7,5","18,1",00:34,"7,8","981,1",22,"974,2",01,57
2013-11-23,9434,"ZARAGOZA, AEROPUERTO",ZARAGOZA,249,"7,7","0,0","4,8",03:00,"10,6",14:30,29,"12,2","23,3",21:26,"8,5","983,2",23,"980,6",04,61
2013-11-24,9434,"ZARAGOZA, AEROPUERTO",ZARAGOZA,249,"7,8","0,0","5,4",06:30,"10,2",12:40,99,"10,3","20,6",Varias,"8,7","990,2",24,"982,7",01,58
2013-11-25,9434,"ZARAGOZA, AEROPUERTO",ZARAGOZA,249,"7,7","0,0","5,4",07:00,"10,0",14:40,30,"12,8","23,3",11:22,"8,7","994,6",24,"990,1",02,50
2013-11-26,9434,"ZARAGOZA, AEROPUERTO",ZARAGOZA,249,"6,2","0,0","3,0",07:50,"9,5",14:50,31,"12,2","21,1",00:05,"8,7","995,3",24,"993,8",Varias,46
2013-11-27,9434,"ZARAGOZA, AEROPUERTO",ZARAGOZA,249,"3,8","0,0","-1,9",23:59,"9,5",12:40,33,"8,3","15,6",12:12,"8,9","998,7",24,"992,1",15,42
2013-11-28,9434,"ZARAGOZA, AEROPUERTO",ZARAGOZA,249,"1,6","0,0","-5,0",08:15,"8,2",15:30,27,"1,9","9,2",23:35,"8,6","1000,5",10,"997,7",24,70
2013-11-29,9434,"ZARAGOZA, AEROPUERTO",ZARAGOZA,249,"4,6","0,0","-0,6",08:30,"9,7",15:50,30,"4,4","16,4",23:34,"7,3","998,7",10,"994,5",24,65
2013-11-30,9434,"ZARAGOZA, AEROPUERTO",ZARAGOZA,249,"7,4",Ip,"3,6",23:59,"11,2",12:00,29,"10,6","19,7",12:02,"2,2","994,5",00,"985,5",15,56
2013-12-01,9434,"ZARAGOZA, AEROPUERTO",ZARAGOZA,249,"6,8","0,0","2,7",08:00,"11,0",13:50,30,"9,2","16,4",13:16,"8,2","991,1",10,"988,4",00,49
2013-12-02,9434,"ZARAGOZA, AEROPUERTO",ZARAGOZA,249,"6,1","0,0","1,6",23:30,"10,6",14:40,99,"4,7","11,9",Varias,"8,1","996,2",24,"989,3",06,60
2013-12-03,9434,"ZARAGOZA, AEROPUERTO",ZARAGOZA,249,"6,0","0,0","-0,2",07:30,"12,3",14:40,22,"1,1","4,2",17:56,"8,0","998,5",10,"995,6",04,73
2013-12-04,9434,"ZARAGOZA, AEROPUERTO",ZARAGOZA,249,"5,7","0,0","-1,6",07:50,"13,0",15:20,99,"1,7","9,2",Varias,"7,5","998,8",10,"996,2",16,76
2013-12-05,9434,"ZARAGOZA, AEROPUERTO",ZARAGOZA,249,"9,2","0,0","6,2",23:59,"12,1",14:05,28,"8,3","15,0",13:47,"3,8","999,0",11,"996,8",15,70
2013-12-06,9434,"ZARAGOZA, AEROPUERTO",ZARAGOZA,249,"7,8","0,0","2,5",07:30,"13,2",15:05,29,"6,1","15,6",10:30,"8,5","998,7",Varias,"995,0",Varias,61
2013-12-07,9434,"ZARAGOZA, AEROPUERTO",ZARAGOZA,249,"5,0","0,0","-1,5",07:40,"11,4",16:05,30,"2,2","7,8",12:05,"7,7","995,6",Varias,"993,4",16,75
2013-12-08,9434,"ZARAGOZA, AEROPUERTO",ZARAGOZA,249,"2,2","0,0","-3,5",07:20,"7,8",14:40,08,"0,6","4,2",14:20,"6,3","1000,0",24,"995,6",00,86
2013-12-09,9434,"ZARAGOZA, AEROPUERTO",ZARAGOZA,249,"2,8","0,0","-2,0",02:00,"7,7",14:55,12,"0,0","3,6",00:05,"2,6","1002,3",10,"999,9",15,90
2013-12-10,9434,"ZARAGOZA, AEROPUERTO",ZARAGOZA,249,"2,0","0,3","0,4",23:00,"3,6",13:15,05,"0,8","6,7",11:40,"0,0","1004,2",24,"1001,6",04,95
2013-12-11,9434,"ZARAGOZA, AEROPUERTO",ZARAGOZA,249,"1,8","0,3","-0,3",03:00,"3,8",15:15,11,"1,1","5,6",13:30,"0,0","1004,4",10,"1001,8",16,98
2013-12-12,9434,"ZARAGOZA, AEROPUERTO",ZARAGOZA,249,"2,0","0,0","-0,3",06:30,"4,3",15:30,28,"0,0","4,2",Varias,"0,0","1002,3",00,"999,4",Varias,96
2013-12-13,9434,"ZARAGOZA, AEROPUERTO",ZARAGOZA,249,"4,4",Ip,"1,4",06:00,"7,4",23:40,30,"0,8","7,2",21:03,"2,6","999,4",00,"995,4",15,89
2013-12-14,9434,"ZARAGOZA, AEROPUERTO",ZARAGOZA,249,"5,6","0,1","1,0",07:10,"10,2",15:15,10,"0,8","5,6",22:30,"5,2","1003,3",24,"998,8",00,88
2013-12-15,9434,"ZARAGOZA, AEROPUERTO",ZARAGOZA,249,"1,8","0,2","0,6",05:20,"3,0",15:50,99,"1,1","4,7",Varias,"0,0","1005,2",10,"1003,1",Varias,96
2013-12-16,9434,"ZARAGOZA, AEROPUERTO",ZARAGOZA,249,"2,2",Ip,"-0,2",07:30,"4,7",15:35,12,"0,6","6,7",15:45,"0,0","1003,1",00,"999,1",17,99
2013-12-17,9434,"ZARAGOZA, AEROPUERTO",ZARAGOZA,249,"6,2","0,1","3,7",Varias,"8,8",13:15,11,"0,0","4,2",08:12,"0,6","1000,2",10,"996,5",24,96
2013-12-18,9434,"ZARAGOZA, AEROPUERTO",ZARAGOZA,249,"6,6","1,0","2,5",04:00,"10,8",15:15,09,"1,7","6,1",13:45,"3,3","996,5",00,"990,3",24,88
2013-12-19,9434,"ZARAGOZA, AEROPUERTO",ZARAGOZA,249,"7,4","3,0","6,0",04:20,"8,8",12:50,30,"2,2","14,4",23:42,"0,0","990,3",00,"981,0",16,95
2013-12-20,9434,"ZARAGOZA, AEROPUERTO",ZARAGOZA,249,"7,2","0,0","2,8",23:59,"11,5",14:00,29,"9,7","20,0",02:19,"7,7","1001,5",24,"985,6",00,62
2013-12-21,9434,"ZARAGOZA, AEROPUERTO",ZARAGOZA,249,"3,5","0,0","-2,5",08:05,"9,5",15:15,12,"0,3","5,6",14:32,"6,7","1004,0",10,"1001,2",15,73
2013-12-22,9434,"ZARAGOZA, AEROPUERTO",ZARAGOZA,249,"3,8","0,0","-2,0",07:50,"9,5",15:10,12,"1,1","4,7",01:34,"7,1","1001,7",10,"998,8",16,78
2013-12-23,9434,"ZARAGOZA, AEROPUERTO",ZARAGOZA,249,"5,1","0,0","-0,3",05:10,"10,5",14:30,11,"2,2","6,7",13:02,"4,8","999,1",00,"988,8",24,82
2013-12-24,9434,"ZARAGOZA, AEROPUERTO",ZARAGOZA,249,"8,2","5,0","2,1",00:30,"14,2",19:15,19,"3,6","10,8",17:57,"0,0","988,8",00,"971,0",24,85
2013-12-25,9434,"ZARAGOZA, AEROPUERTO",ZARAGOZA,249,"10,0","0,0","5,2",23:59,"14,7",13:30,26,"4,7","13,9",20:23,"0,8","972,6",24,"965,7",16,69
2013-12-26,9434,"ZARAGOZA, AEROPUERTO",ZARAGOZA,249,"6,8","0,0","2,3",07:30,"11,4",15:30,26,"4,7","13,3",01:17,"4,4","985,2",20,"972,6",00,64
2013-12-27,9434,"ZARAGOZA, AEROPUERTO",ZARAGOZA,249,"9,5","0,5","2,0",07:15,"17,0",14:40,21,"2,2","10,8",20:53,"3,1","984,7",00,"978,6",24,72
2013-12-28,9434,"ZARAGOZA, AEROPUERTO",ZARAGOZA,249,"9,4",Ip,"3,8",23:59,"15,1",00:00,24,"4,7","12,8",07:21,"5,5","990,8",24,"977,2",04,62
2013-12-29,9434,"ZARAGOZA, AEROPUERTO",ZARAGOZA,249,"6,2","0,0","1,0",07:20,"11,4",15:30,99,"3,3","11,9",Varias,"8,3","1000,3",24,"990,8",00,65
2013-12-30,9434,"ZARAGOZA, AEROPUERTO",ZARAGOZA,249,"3,8","0,0","-1,6",07:50,"9,1",15:15,23,"1,1","4,7",17:20,"5,5","1000,3",00,"993,0",24,74
2013-12-31,9434,"ZARAGOZA, AEROPUERTO",ZARAGOZA,249,"4,6",Ip,"0,8",03:30,"8,5",15:45,99,"1,9","6,7",Varias,"0,5","993,5",00,"987,3",15,77
