fecha,indicativo,nombre,provincia,altitud,tmed,prec,tmin,horatmin,tmax,horatmax,dir,velmedia,racha,horaracha,presMax,horaPresMax,presMin,horaPresMin,hrMedia,hrMax,horaHrMax,hrMin,horaHrMin
2014-01-01,6156X,"MÁLAGA, CENTRO METEOROLÓGICO",MALAGA,54,"16,3","0,0","11,9",07:20,"20,7",13:10,27,"1,9","8,9",05:00,"1017,5",00,"1013,5",14,63,84,23:50,46,13:20
2014-01-02,6156X,"MÁLAGA, CENTRO METEOROLÓGICO",MALAGA,54,"15,0","0,0","12,8",07:30,"17,3",15:00,22,"0,3","3,6",10:50,"1017,0",23,"1014,3",Varias,83,93,07:30,71,15:30
2014-01-03,6156X,"MÁLAGA, CENTRO METEOROLÓGICO",MALAGA,54,"16,1","0,0","10,5",07:30,"21,7",15:20,32,"1,1","7,5",14:20,"1018,6",10,"1015,6",15,72,97,08:10,46,15:20
2014-01-04,6156X,"MÁLAGA, CENTRO METEOROLÓGICO",MALAGA,54,"18,0","0,0","13,3",04:50,"22,7",13:10,36,"2,8","15,0",18:50,,,,,60,,,,
2014-01-05,6156X,"MÁLAGA, CENTRO METEOROLÓGICO",MALAGA,54,"14,4","0,0","10,1",07:30,"18,6",14:00,32,"3,3","12,2",00:50,"1022,4",09,"1016,7",24,45,62,Varias,32,Varias
2014-01-06,6156X,"MÁLAGA, CENTRO METEOROLÓGICO",MALAGA,54,"14,8","0,0","7,8",05:40,"21,8",13:00,31,"1,7","6,1",00:40,"1016,8",10,"1013,2",14,50,71,05:50,31,12:10
2014-01-07,6156X,"MÁLAGA, CENTRO METEOROLÓGICO",MALAGA,54,"14,0","0,0","7,0",07:30,"21,0",12:20,99,"1,7","4,7",Varias,"1017,1",10,"1014,3",Varias,61,86,21:30,36,11:50
2014-01-08,6156X,"MÁLAGA, CENTRO METEOROLÓGICO",MALAGA,54,"14,0","0,0","9,1",01:50,"19,0",13:20,36,"1,4","4,7",05:00,"1018,9",10,"1015,6",Varias,57,83,Varias,40,13:30
2014-01-09,6156X,"MÁLAGA, CENTRO METEOROLÓGICO",MALAGA,54,"12,1","0,0","5,8",04:30,"18,4",12:20,99,"1,9","4,4",Varias,"1017,1",00,"1011,6",24,71,94,23:10,50,10:50
2014-01-10,6156X,"MÁLAGA, CENTRO METEOROLÓGICO",MALAGA,54,"13,2","1,1","9,3",06:50,"17,0",11:40,09,"1,7","5,8",13:30,"1012,0",10,"1009,0",14,82,96,06:30,65,11:50
2014-01-11,6156X,"MÁLAGA, CENTRO METEOROLÓGICO",MALAGA,54,"13,8","0,0","11,0",06:10,"16,7",16:00,27,"1,1","5,3",02:50,"1017,7",23,"1011,1",01,91,97,Varias,76,15:40
2014-01-12,6156X,"MÁLAGA, CENTRO METEOROLÓGICO",MALAGA,54,"15,6","0,0","10,0",01:50,"21,1",12:30,31,"1,7","5,3",22:20,"1020,7",10,"1017,5",01,79,96,Varias,50,12:20
2014-01-13,6156X,"MÁLAGA, CENTRO METEOROLÓGICO",MALAGA,54,"12,2","2,8","9,0",23:20,"15,5",09:50,31,"2,8","10,8",13:50,"1019,5",23,"1016,0",16,76,88,12:00,56,17:10
2014-01-14,6156X,"MÁLAGA, CENTRO METEOROLÓGICO",MALAGA,54,"12,8","0,0","8,5",07:40,"17,0",15:20,31,"2,8","8,9",22:30,"1019,2",00,"1013,7",24,64,80,07:50,53,12:40
2014-01-15,6156X,"MÁLAGA, CENTRO METEOROLÓGICO",MALAGA,54,"17,0","0,2","13,3",22:20,"20,8",13:50,31,"4,2","10,0",00:40,,,,,63,,,,
2014-01-16,6156X,"MÁLAGA, CENTRO METEOROLÓGICO",MALAGA,54,"13,0","1,0","10,2",23:59,"15,9",13:30,31,"1,1","6,4",13:40,"1010,0",00,"1006,9",13,80,94,08:50,62,Varias
2014-01-17,6156X,"MÁLAGA, CENTRO METEOROLÓGICO",MALAGA,54,"9,2","17,6","6,2",05:50,"12,1",15:50,09,"2,2","8,3",16:00,"1007,4",00,"995,0",24,92,96,Varias,73,00:00
2014-01-18,6156X,"MÁLAGA, CENTRO METEOROLÓGICO",MALAGA,54,"13,0","9,3","9,8",07:30,"16,3",13:50,32,"1,9","7,2",15:40,"997,5",21,"993,1",14,76,96,01:10,53,14:30
2014-01-19,6156X,"MÁLAGA, CENTRO METEOROLÓGICO",MALAGA,54,"12,0","0,0","9,8",04:20,"14,2",15:20,31,"4,4","16,9",11:00,"1011,0",24,"985,7",06,66,99,Varias,42,15:50
2014-01-20,6156X,"MÁLAGA, CENTRO METEOROLÓGICO",MALAGA,54,"11,8","0,0","9,0",06:00,"14,7",13:20,32,"3,9","13,3",15:20,"1016,1",11,"1010,8",01,53,59,Varias,44,15:00
2014-01-21,6156X,"MÁLAGA, CENTRO METEOROLÓGICO",MALAGA,54,"12,8","6,6","9,0",05:50,"16,5",13:50,27,"2,2","10,0",13:00,"1016,9",08,"1012,8",24,52,76,23:59,41,11:50
2014-01-22,6156X,"MÁLAGA, CENTRO METEOROLÓGICO",MALAGA,54,"13,8","1,7","10,0",06:00,"17,5",14:50,27,"2,5","11,1",11:50,"1012,8",00,"1009,3",Varias,78,99,06:50,52,Varias
2014-01-23,6156X,"MÁLAGA, CENTRO METEOROLÓGICO",MALAGA,54,"14,5","0,0","9,7",04:50,"19,3",13:10,27,"1,4","9,2",05:40,"1023,2",24,"1012,1",01,59,85,20:10,35,12:40
2014-01-24,6156X,"MÁLAGA, CENTRO METEOROLÓGICO",MALAGA,54,"13,6","0,0","8,0",07:30,"19,3",13:50,26,"3,3","11,9",20:30,"1023,5",Varias,"1018,3",15,45,65,07:30,34,Varias
2014-01-25,6156X,"MÁLAGA, CENTRO METEOROLÓGICO",MALAGA,54,"15,8","0,0","12,0",06:00,"19,5",13:40,27,"5,0","17,8",13:00,"1020,0",00,"1016,8",14,58,70,23:59,50,13:00
2014-01-26,6156X,"MÁLAGA, CENTRO METEOROLÓGICO",MALAGA,54,"18,5","0,0","12,3",06:50,"24,7",14:30,31,"2,5","11,9",16:40,"1021,1",10,"1015,1",24,52,71,07:00,35,14:00
2014-01-27,6156X,"MÁLAGA, CENTRO METEOROLÓGICO",MALAGA,54,"16,1","0,0","12,2",23:59,"20,0",14:50,27,"6,9","16,4",20:30,"1015,1",00,"1009,7",15,59,76,03:50,46,15:00
2014-01-28,6156X,"MÁLAGA, CENTRO METEOROLÓGICO",MALAGA,54,"13,0","1,5","9,9",07:30,"16,0",13:40,31,"3,1","12,5",15:00,"1013,2",00,"1002,2",24,54,71,23:50,47,Varias
2014-01-29,6156X,"MÁLAGA, CENTRO METEOROLÓGICO",MALAGA,54,"12,3","0,2","9,9",23:59,"14,7",14:10,27,"3,1","12,2",11:50,"1003,1",24,"996,3",14,59,94,03:20,43,13:40
2014-01-30,6156X,"MÁLAGA, CENTRO METEOROLÓGICO",MALAGA,54,"10,8","0,0","8,0",07:20,"13,7",15:50,31,"3,3","12,5",12:40,"1010,2",23,"1002,5",02,56,70,06:30,45,16:40
2014-01-31,6156X,"MÁLAGA, CENTRO METEOROLÓGICO",MALAGA,54,"13,2","0,0","10,7",04:50,"15,7",12:40,31,"2,8","8,9",Varias,"1011,4",10,"1008,7",04,73,83,16:50,52,00:00
2014-02-01,6156X,"MÁLAGA, CENTRO METEOROLÓGICO",MALAGA,54,"14,7","0,0","11,3",23:59,"18,1",15:20,27,"3,3","13,1",17:30,"1014,4",24,"1008,6",06,65,87,03:40,52,Varias
2014-02-02,6156X,"MÁLAGA, CENTRO METEOROLÓGICO",MALAGA,54,"12,6","0,0","7,7",07:40,"17,5",13:30,27,"2,5","10,8",00:30,"1016,9",10,"1013,3",Varias,54,86,22:40,38,11:30
2014-02-03,6156X,"MÁLAGA, CENTRO METEOROLÓGICO",MALAGA,54,"10,8","0,7","5,2",05:10,"16,3",13:50,27,"1,7","8,3",21:10,"1013,3",00,"1008,4",14,76,95,06:40,49,12:10
2014-02-04,6156X,"MÁLAGA, CENTRO METEOROLÓGICO",MALAGA,54,"12,0","0,0","6,6",06:40,"17,5",13:40,27,"1,4","5,8",07:20,"1015,8",09,"1011,2",23,58,77,06:50,41,Varias
2014-02-05,6156X,"MÁLAGA, CENTRO METEOROLÓGICO",MALAGA,54,"14,5","0,3","12,4",23:40,"16,6",16:10,22,"1,1","7,5",01:10,"1013,9",23,"1009,7",05,90,97,Varias,65,00:00
2014-02-06,6156X,"MÁLAGA, CENTRO METEOROLÓGICO",MALAGA,54,"15,6","0,4","9,8",06:00,"21,5",15:00,22,"2,8","11,7",13:40,"1013,9",01,"1007,8",15,69,98,Varias,41,Varias
2014-02-07,6156X,"MÁLAGA, CENTRO METEOROLÓGICO",MALAGA,54,"13,8","0,0","9,5",23:59,"18,0",15:20,31,"2,5","17,8",12:50,"1020,3",10,"1012,5",00,48,73,04:10,35,Varias
2014-02-08,6156X,"MÁLAGA, CENTRO METEOROLÓGICO",MALAGA,54,"11,6","1,9","7,3",04:50,"15,8",14:40,36,"1,7","8,9",23:00,"1017,1",00,"1010,3",18,76,94,20:40,53,09:40
2014-02-09,6156X,"MÁLAGA, CENTRO METEOROLÓGICO",MALAGA,54,"14,4","1,6","11,6",10:30,"17,2",21:30,23,"2,5","14,7",20:50,"1012,7",00,"998,3",22,87,99,Varias,55,22:50
2014-02-10,6156X,"MÁLAGA, CENTRO METEOROLÓGICO",MALAGA,54,"12,6","0,0","10,3",07:10,"15,0",00:30,31,"6,9","20,3",03:40,"1021,0",23,"1000,6",00,42,56,00:00,35,16:40
2014-02-11,6156X,"MÁLAGA, CENTRO METEOROLÓGICO",MALAGA,54,"10,5","0,8","6,5",07:10,"14,5",12:00,31,"1,4","8,1",00:10,"1020,8",01,"1014,0",20,58,93,23:30,43,12:00
2014-02-12,6156X,"MÁLAGA, CENTRO METEOROLÓGICO",MALAGA,54,"15,3","0,0","10,7",02:40,"19,9",14:50,31,"1,7","8,1",07:20,"1018,4",23,"1013,2",04,72,94,Varias,62,15:00
2014-02-13,6156X,"MÁLAGA, CENTRO METEOROLÓGICO",MALAGA,54,"18,0","0,0","12,6",06:30,"23,3",15:30,04,"2,5","8,9",18:20,"1018,4",01,"1014,6",14,68,96,02:30,47,15:40
2014-02-14,6156X,"MÁLAGA, CENTRO METEOROLÓGICO",MALAGA,54,"17,4","0,0","11,7",07:30,"23,2",15:00,22,"2,5","8,3",15:20,"1015,8",00,"1008,3",17,74,91,07:40,47,15:00
2014-02-15,6156X,"MÁLAGA, CENTRO METEOROLÓGICO",MALAGA,54,"15,6","0,5","10,0",07:00,"21,3",11:30,31,"1,1","8,6",21:10,"1009,5",23,"1005,9",17,77,91,Varias,46,11:20
2014-02-16,6156X,"MÁLAGA, CENTRO METEOROLÓGICO",MALAGA,54,"14,2","0,0","10,1",03:00,"18,2",15:30,27,"4,7","9,2",08:20,"1012,2",09,"1008,1",05,56,86,01:50,38,15:20
2014-02-17,6156X,"MÁLAGA, CENTRO METEOROLÓGICO",MALAGA,54,"10,8","0,0","7,8",07:00,"13,8",15:10,13,"1,4","6,1",13:40,"1010,1",00,"1005,3",Varias,87,96,Varias,66,00:00
2014-02-18,6156X,"MÁLAGA, CENTRO METEOROLÓGICO",MALAGA,54,"14,0","0,0","11,0",07:00,"17,1",14:00,31,"3,1","10,6",16:10,"1012,8",Varias,"1005,4",04,59,96,Varias,44,Varias
2014-02-19,6156X,"MÁLAGA, CENTRO METEOROLÓGICO",MALAGA,54,"14,7","0,0","10,2",06:50,"19,2",15:00,27,"3,6","11,7",11:00,"1019,3",23,"1012,8",00,47,67,03:50,34,15:50
2014-02-20,6156X,"MÁLAGA, CENTRO METEOROLÓGICO",MALAGA,54,"14,5","0,0","9,6",05:20,"19,4",13:50,27,"3,9","12,8",11:40,"1018,9",01,"1015,3",15,57,71,Varias,43,11:40
2014-02-21,6156X,"MÁLAGA, CENTRO METEOROLÓGICO",MALAGA,54,"14,6","0,0","11,9",23:59,"17,2",14:10,99,"2,8","11,4",Varias,"1018,5",24,"1014,8",15,55,83,06:10,41,14:30
2014-02-22,6156X,"MÁLAGA, CENTRO METEOROLÓGICO",MALAGA,54,"14,2","0,0","8,7",23:20,"19,8",14:40,31,"3,6","10,8",01:20,"1022,3",10,"1017,9",16,51,73,22:20,29,Varias
2014-02-23,6156X,"MÁLAGA, CENTRO METEOROLÓGICO",MALAGA,54,"12,2","4,4","5,8",06:50,"18,6",11:20,13,"3,1","8,3",14:10,"1018,9",00,"1011,5",16,62,84,Varias,42,13:10
2014-02-24,6156X,"MÁLAGA, CENTRO METEOROLÓGICO",MALAGA,54,"13,9","0,4","10,1",07:00,"17,7",15:00,31,"2,8","9,4",12:50,"1017,4",Varias,"1010,8",04,61,94,08:20,40,16:40
2014-02-25,6156X,"MÁLAGA, CENTRO METEOROLÓGICO",MALAGA,54,"13,2","0,0","8,4",03:20,"17,9",13:40,36,"2,8","10,3",16:40,"1019,3",09,"1016,9",16,61,80,03:30,46,Varias
2014-02-26,6156X,"MÁLAGA, CENTRO METEOROLÓGICO",MALAGA,54,"15,0","0,0","11,7",23:40,"18,2",14:30,36,"4,2","13,6",11:40,"1025,2",23,"1017,9",03,52,76,03:30,40,Varias
2014-02-27,6156X,"MÁLAGA, CENTRO METEOROLÓGICO",MALAGA,54,"15,6","0,0","11,4",01:00,"19,8",14:40,31,"3,9","10,8",13:30,"1026,0",09,"1020,4",14,46,65,23:40,37,12:20
2014-02-28,6156X,"MÁLAGA, CENTRO METEOROLÓGICO",MALAGA,54,"17,1","0,0","13,3",05:20,"20,9",14:40,27,"3,3","13,9",08:10,"1024,2",00,"1015,4",24,57,73,Varias,41,14:40
2014-03-01,6156X,"MÁLAGA, CENTRO METEOROLÓGICO",MALAGA,54,"16,2","0,2","13,4",07:00,"19,0",15:30,27,"3,1","16,7",17:20,"1015,5",00,"1004,3",22,67,74,12:40,59,Varias
2014-03-02,6156X,"MÁLAGA, CENTRO METEOROLÓGICO",MALAGA,54,"18,2","0,0","16,0",06:00,"20,5",14:00,27,"5,3","15,0",01:50,"1008,8",11,"1003,0",04,62,68,00:30,55,Varias
2014-03-03,6156X,"MÁLAGA, CENTRO METEOROLÓGICO",MALAGA,54,"15,5","0,0","12,9",23:59,"18,1",14:50,27,"4,4","15,8",11:40,"1013,2",22,"1007,3",04,52,68,00:50,44,15:00
2014-03-04,6156X,"MÁLAGA, CENTRO METEOROLÓGICO",MALAGA,54,"13,5","0,0","10,0",07:00,"17,0",15:00,31,"3,9","14,7",04:50,"1016,2",09,"1012,4",00,54,64,07:10,47,15:10
2014-03-05,6156X,"MÁLAGA, CENTRO METEOROLÓGICO",MALAGA,54,"16,6","0,0","12,8",04:00,"20,3",16:40,36,"2,8","12,2",13:30,"1014,9",24,"1010,8",16,55,70,08:40,46,17:00
2014-03-06,6156X,"MÁLAGA, CENTRO METEOROLÓGICO",MALAGA,54,"16,1","0,0","10,3",06:00,"21,9",10:50,14,"2,8","9,7",16:30,"1015,9",Varias,"1011,8",17,66,93,Varias,41,10:50
2014-03-07,6156X,"MÁLAGA, CENTRO METEOROLÓGICO",MALAGA,54,"14,0","0,1","10,5",01:30,"17,4",12:10,14,"3,9","10,8",11:30,"1020,2",10,"1015,8",01,76,88,04:30,59,Varias
2014-03-08,6156X,"MÁLAGA, CENTRO METEOROLÓGICO",MALAGA,54,"13,4","0,0","7,9",06:00,"18,9",13:50,13,"2,8","7,5",12:10,"1019,3",00,"1015,4",16,54,77,23:59,43,Varias
2014-03-09,6156X,"MÁLAGA, CENTRO METEOROLÓGICO",MALAGA,54,"14,1","0,0","8,2",06:20,"20,0",13:30,14,"2,8","10,6",22:00,"1019,1",09,"1016,3",03,62,88,04:10,35,12:30
2014-03-10,6156X,"MÁLAGA, CENTRO METEOROLÓGICO",MALAGA,54,"14,4","0,0","11,7",05:40,"17,1",14:00,13,"4,4","12,5",11:00,"1017,4",00,"1013,2",17,68,82,20:50,56,Varias
2014-03-11,6156X,"MÁLAGA, CENTRO METEOROLÓGICO",MALAGA,54,"12,8","0,0","7,6",06:50,"18,1",13:40,09,"2,2","7,8",11:10,"1016,1",23,"1011,8",16,73,89,07:10,58,11:30
2014-03-12,6156X,"MÁLAGA, CENTRO METEOROLÓGICO",MALAGA,54,"14,1","2,7","10,0",06:30,"18,2",13:00,14,"1,9","8,6",12:40,"1018,8",22,"1015,3",Varias,66,94,22:30,50,Varias
2014-03-13,6156X,"MÁLAGA, CENTRO METEOROLÓGICO",MALAGA,54,"15,3","0,0","10,9",06:00,"19,7",12:30,18,"3,1","8,6",12:20,"1020,9",22,"1017,0",15,65,96,05:30,41,11:50
2014-03-14,6156X,"MÁLAGA, CENTRO METEOROLÓGICO",MALAGA,54,"14,0","0,0","9,6",06:30,"18,3",13:00,14,"2,5","6,4",13:30,"1022,1",23,"1018,9",16,74,93,04:50,50,11:10
2014-03-15,6156X,"MÁLAGA, CENTRO METEOROLÓGICO",MALAGA,54,"15,0","0,0","9,4",06:30,"20,6",15:20,09,"2,2","6,7",16:20,"1022,5",09,"1019,7",16,66,88,Varias,38,15:10
2014-03-16,6156X,"MÁLAGA, CENTRO METEOROLÓGICO",MALAGA,54,"15,3","0,0","9,4",06:00,"21,2",11:10,09,"3,1","7,2",14:30,"1021,0",00,"1016,7",17,54,67,Varias,40,10:40
2014-03-17,6156X,"MÁLAGA, CENTRO METEOROLÓGICO",MALAGA,54,"15,6","0,0","8,8",06:10,"22,5",12:50,13,"1,9","5,0",11:40,"1018,1",09,"1015,0",16,47,71,06:20,34,15:40
2014-03-18,6156X,"MÁLAGA, CENTRO METEOROLÓGICO",MALAGA,54,"15,4","0,0","9,8",05:50,"21,1",10:30,13,"2,2","7,5",13:40,"1016,7",00,"1012,7",16,53,73,20:50,35,10:00
2014-03-19,6156X,"MÁLAGA, CENTRO METEOROLÓGICO",MALAGA,54,"15,6","0,0","12,3",06:40,"19,0",14:50,14,"2,5","9,4",09:50,"1017,4",11,"1013,6",00,79,90,Varias,64,00:00
2014-03-20,6156X,"MÁLAGA, CENTRO METEOROLÓGICO",MALAGA,54,"15,6","0,0","10,9",06:30,"20,3",14:30,14,"2,5","6,7",13:50,,,,,74,,,,
2014-03-21,6156X,"MÁLAGA, CENTRO METEOROLÓGICO",MALAGA,54,"17,8","0,0","12,8",06:40,"22,8",14:30,09,"2,8","7,2",16:30,"1016,6",08,"1012,5",16,66,87,Varias,47,10:30
2014-03-22,6156X,"MÁLAGA, CENTRO METEOROLÓGICO",MALAGA,54,"18,6","0,0","13,8",06:20,"23,5",15:20,31,"2,8","11,7",21:30,"1013,6",00,"1009,5",15,58,73,Varias,43,11:10
2014-03-23,6156X,"MÁLAGA, CENTRO METEOROLÓGICO",MALAGA,54,"16,4","0,0","11,2",06:30,"21,7",Varias,27,"4,4","12,5",05:30,"1016,3",24,"1011,2",15,39,74,23:10,28,Varias
2014-03-24,6156X,"MÁLAGA, CENTRO METEOROLÓGICO",MALAGA,54,"17,4","0,0","10,6",06:30,"24,3",15:50,27,"3,6","14,4",23:59,"1019,2",24,"1013,2",16,51,76,02:20,28,15:50
2014-03-25,6156X,"MÁLAGA, CENTRO METEOROLÓGICO",MALAGA,54,"17,4","0,0","12,6",06:50,"22,1",Varias,31,"5,6","17,2",22:30,"1020,1",Varias,"1012,7",24,44,62,01:30,31,13:40
2014-03-26,6156X,"MÁLAGA, CENTRO METEOROLÓGICO",MALAGA,54,"14,9","0,0","11,1",06:30,"18,7",16:00,31,"3,6","16,4",01:10,"1014,9",09,"1010,4",16,46,67,02:40,38,Varias
2014-03-27,6156X,"MÁLAGA, CENTRO METEOROLÓGICO",MALAGA,54,"14,7","0,0","9,2",06:10,"20,2",Varias,18,"2,2","8,9",13:20,"1012,2",00,"1003,2",19,46,64,23:59,37,Varias
2014-03-28,6156X,"MÁLAGA, CENTRO METEOROLÓGICO",MALAGA,54,"15,5","4,2","12,3",05:20,"18,7",14:00,99,"2,8","11,7",Varias,"1003,3",00,"997,0",17,64,82,07:50,52,11:40
2014-03-29,6156X,"MÁLAGA, CENTRO METEOROLÓGICO",MALAGA,54,"11,5","18,8","8,7",10:20,"14,3",16:10,27,"2,2","10,8",06:00,"1006,1",Varias,"994,7",04,80,98,Varias,61,00:00
2014-03-30,6156X,"MÁLAGA, CENTRO METEOROLÓGICO",MALAGA,54,"15,0","0,0","8,8",04:00,"21,3",16:10,31,"1,7","7,2",09:30,"1011,1",24,"1006,0",Varias,59,91,Varias,37,16:10
2014-03-31,6156X,"MÁLAGA, CENTRO METEOROLÓGICO",MALAGA,54,"14,6","0,0","9,8",05:40,"19,5",10:20,13,"2,2","7,5",Varias,"1011,6",08,"1007,4",16,67,86,Varias,53,Varias
2014-04-01,6156X,"MÁLAGA, CENTRO METEOROLÓGICO",MALAGA,54,"15,1","0,9","11,2",05:00,"19,0",11:30,13,"2,2","8,3",11:00,"1008,9",00,"1001,1",24,73,87,04:30,58,09:30
2014-04-02,6156X,"MÁLAGA, CENTRO METEOROLÓGICO",MALAGA,54,"15,1","2,9","12,9",08:50,"17,3",14:30,22,"1,9","8,9",06:00,"1001,1",00,"996,7",17,78,96,08:40,61,17:30
2014-04-03,6156X,"MÁLAGA, CENTRO METEOROLÓGICO",MALAGA,54,"14,6","0,1","11,1",04:30,"18,0",12:00,31,"2,2","11,7",15:30,"1011,0",24,"999,0",03,65,92,Varias,46,15:30
2014-04-04,6156X,"MÁLAGA, CENTRO METEOROLÓGICO",MALAGA,54,"16,6","0,0","12,2",06:20,"20,9",14:50,31,"1,9","10,3",15:30,"1017,1",23,"1011,0",00,52,71,06:20,40,13:40
2014-04-05,6156X,"MÁLAGA, CENTRO METEOROLÓGICO",MALAGA,54,"18,9","0,0","14,2",02:50,"23,6",16:40,99,"3,6","11,4",13:30,"1016,9",09,"1012,9",18,61,77,06:10,50,Varias
2014-04-06,6156X,"MÁLAGA, CENTRO METEOROLÓGICO",MALAGA,54,"20,8","0,0","16,1",04:30,"25,4",14:30,27,"2,2","8,9",04:30,"1014,3",22,"1012,4",16,55,76,04:00,44,15:20
2014-04-07,6156X,"MÁLAGA, CENTRO METEOROLÓGICO",MALAGA,54,"19,1","0,0","13,1",05:50,"25,1",10:30,13,"1,9","5,8",11:50,"1014,7",23,"1012,5",15,58,81,05:50,44,10:00
2014-04-08,6156X,"MÁLAGA, CENTRO METEOROLÓGICO",MALAGA,54,"20,6","0,0","13,7",04:00,"27,4",11:00,14,"2,2","5,6",11:50,"1015,3",24,"1012,2",16,47,78,01:30,32,10:40
2014-04-09,6156X,"MÁLAGA, CENTRO METEOROLÓGICO",MALAGA,54,"18,0","0,0","13,5",05:00,"22,5",12:30,18,"1,7","7,2",11:30,"1016,9",10,"1014,1",04,65,81,23:30,56,08:30
2014-04-10,6156X,"MÁLAGA, CENTRO METEOROLÓGICO",MALAGA,54,"16,8","0,0","12,0",04:40,"21,7",14:50,27,"1,7","6,4",23:20,"1015,9",00,"1010,7",17,74,93,05:00,58,14:50
2014-04-11,6156X,"MÁLAGA, CENTRO METEOROLÓGICO",MALAGA,54,"20,2","0,0","16,7",23:59,"23,8",17:00,13,"1,9","10,8",13:10,"1011,1",00,"1006,0",18,51,84,00:00,44,Varias
2014-04-12,6156X,"MÁLAGA, CENTRO METEOROLÓGICO",MALAGA,54,"22,6","0,0","16,0",00:50,"29,1",14:50,31,"1,7","8,6",14:10,"1012,8",24,"1005,3",15,46,75,19:40,23,11:40
2014-04-13,6156X,"MÁLAGA, CENTRO METEOROLÓGICO",MALAGA,54,"18,9","0,0","15,0",05:50,"22,8",11:40,14,"3,1","7,2",12:20,"1014,4",Varias,"1011,6",24,67,87,06:10,49,Varias
2014-04-14,6156X,"MÁLAGA, CENTRO METEOROLÓGICO",MALAGA,54,"17,8","0,0","13,9",05:20,"21,6",14:00,13,"1,9","6,1",09:40,"1012,8",10,"1009,6",15,71,84,Varias,59,09:00
2014-04-15,6156X,"MÁLAGA, CENTRO METEOROLÓGICO",MALAGA,54,"19,0","0,0","13,0",05:40,"24,9",12:30,09,"2,5","6,7",14:10,"1011,7",00,"1009,1",17,53,81,05:50,40,Varias
2014-04-16,6156X,"MÁLAGA, CENTRO METEOROLÓGICO",MALAGA,54,"18,8","0,0","14,8",03:20,"22,7",13:50,13,"2,2","6,4",13:10,"1013,2",23,"1010,5",04,65,91,23:20,56,14:10
2014-04-17,6156X,"MÁLAGA, CENTRO METEOROLÓGICO",MALAGA,54,"18,4","0,0","14,4",06:00,"22,3",13:50,99,"1,7","6,9",Varias,"1013,4",10,"1010,2",Varias,68,85,01:00,52,14:10
2014-04-18,6156X,"MÁLAGA, CENTRO METEOROLÓGICO",MALAGA,54,"18,5","0,0","12,8",04:30,"24,2",11:50,09,"2,8","7,2",17:10,"1011,2",00,"1005,0",17,57,82,01:20,43,09:40
2014-04-19,6156X,"MÁLAGA, CENTRO METEOROLÓGICO",MALAGA,54,"20,6","0,0","16,1",23:59,"25,0",16:30,27,"3,9","8,6",07:20,"1005,5",00,"1000,3",17,59,82,05:50,43,16:50
2014-04-20,6156X,"MÁLAGA, CENTRO METEOROLÓGICO",MALAGA,54,"17,2","8,7","14,9",12:00,"19,6",08:40,14,"1,4","7,5",21:00,"1003,9",01,"1000,3",18,81,95,11:40,56,00:00
2014-04-21,6156X,"MÁLAGA, CENTRO METEOROLÓGICO",MALAGA,54,"17,2","16,0","13,2",23:59,"21,1",10:00,18,"1,7","14,2",10:30,"1005,5",24,"999,5",04,89,97,Varias,62,10:10
2014-04-22,6156X,"MÁLAGA, CENTRO METEOROLÓGICO",MALAGA,54,"18,4","0,0","12,9",00:30,"24,0",16:00,36,"2,5","9,7",11:20,"1014,7",23,"1005,5",00,51,97,Varias,35,16:20
2014-04-23,6156X,"MÁLAGA, CENTRO METEOROLÓGICO",MALAGA,54,"19,4","0,0","14,5",Varias,"24,2",16:10,22,"2,8","8,6",11:40,"1015,8",Varias,"1012,8",18,57,81,03:20,44,12:20
2014-04-24,6156X,"MÁLAGA, CENTRO METEOROLÓGICO",MALAGA,54,"20,9","0,0","15,9",05:20,"25,9",12:10,31,"2,8","13,3",16:40,"1016,6",24,"1010,8",15,53,76,03:20,35,16:20
2014-04-25,6156X,"MÁLAGA, CENTRO METEOROLÓGICO",MALAGA,54,"17,8","0,0","12,6",06:00,"22,9",Varias,31,"3,3","11,4",17:40,"1018,8",08,"1014,6",18,43,64,Varias,31,Varias
2014-04-26,6156X,"MÁLAGA, CENTRO METEOROLÓGICO",MALAGA,54,"21,3","0,0","15,2",03:00,"27,4",16:00,32,"3,9","11,1",22:00,"1016,8",00,"1011,2",16,46,62,Varias,37,Varias
2014-04-27,6156X,"MÁLAGA, CENTRO METEOROLÓGICO",MALAGA,54,"23,3","0,0","17,2",05:50,"29,4",13:50,31,"3,1","11,4",01:10,"1012,6",Varias,"1009,0",15,40,72,Varias,22,14:00
2014-04-28,6156X,"MÁLAGA, CENTRO METEOROLÓGICO",MALAGA,54,"23,2","0,0","18,0",05:40,"28,3",10:50,27,"3,1","8,3",02:50,"1010,8",00,"1008,2",18,45,52,20:00,35,10:30
2014-04-29,6156X,"MÁLAGA, CENTRO METEOROLÓGICO",MALAGA,54,"21,0","0,0","16,1",05:30,"25,8",08:50,99,"2,2","6,7",Varias,"1009,2",11,"1005,7",18,51,81,01:40,40,21:50
2014-04-30,6156X,"MÁLAGA, CENTRO METEOROLÓGICO",MALAGA,54,"21,4","0,0","17,8",23:59,"24,9",13:30,31,"2,8","8,6",03:00,"1008,7",08,"1006,0",01,62,93,Varias,42,01:20
2014-05-01,6156X,"MÁLAGA, CENTRO METEOROLÓGICO",MALAGA,54,"19,2","0,0","15,2",06:00,"23,1",13:40,14,"3,1","7,5",08:00,"1010,7",09,"1007,3",03,72,96,Varias,49,16:50
2014-05-02,6156X,"MÁLAGA, CENTRO METEOROLÓGICO",MALAGA,54,"20,2","0,0","15,5",04:40,"24,8",12:30,13,"2,8","7,5",22:00,"1010,9",24,"1005,7",17,54,94,00:40,41,Varias
2014-05-03,6156X,"MÁLAGA, CENTRO METEOROLÓGICO",MALAGA,54,"21,2","0,0","16,6",04:50,"25,7",11:20,99,"3,1","7,5",Varias,"1010,9",00,"1007,4",17,56,91,Varias,29,Varias
2014-05-04,6156X,"MÁLAGA, CENTRO METEOROLÓGICO",MALAGA,54,"19,4","0,0","14,4",05:20,"24,5",14:30,14,"3,1","6,7",14:30,"1009,7",00,"1006,2",18,47,81,00:00,29,14:20
2014-05-05,6156X,"MÁLAGA, CENTRO METEOROLÓGICO",MALAGA,54,"18,8","0,0","13,0",05:40,"24,7",13:50,18,"3,1","9,2",13:20,"1011,0",23,"1008,1",16,47,71,22:30,34,13:40
2014-05-06,6156X,"MÁLAGA, CENTRO METEOROLÓGICO",MALAGA,54,"18,8","0,0","13,1",05:00,"24,5",10:20,18,"2,8","7,2",11:40,"1012,6",23,"1009,7",17,59,87,Varias,37,08:20
2014-05-07,6156X,"MÁLAGA, CENTRO METEOROLÓGICO",MALAGA,54,"20,2","0,0","13,7",05:10,"26,8",09:50,14,"2,8","7,5",12:10,"1013,4",24,"1010,0",16,52,87,23:20,28,09:20
2014-05-08,6156X,"MÁLAGA, CENTRO METEOROLÓGICO",MALAGA,54,"19,8","0,0","15,8",06:00,"23,9",12:50,13,"2,8","8,3",11:40,"1015,2",10,"1012,0",16,67,91,Varias,61,Varias
2014-05-09,6156X,"MÁLAGA, CENTRO METEOROLÓGICO",MALAGA,54,"20,0","0,0","16,4",05:10,"23,7",14:50,14,"1,9","7,2",16:30,"1015,6",23,"1012,4",04,73,93,Varias,61,14:50
2014-05-10,6156X,"MÁLAGA, CENTRO METEOROLÓGICO",MALAGA,54,"20,8","0,0","16,7",05:20,"24,9",12:30,14,"2,2","6,7",12:50,"1015,4",00,"1011,1",18,59,87,Varias,47,15:40
2014-05-11,6156X,"MÁLAGA, CENTRO METEOROLÓGICO",MALAGA,54,"21,8","0,0","17,8",03:40,"25,7",15:50,18,"2,2","7,5",13:50,"1011,9",00,"1006,6",18,55,87,Varias,43,08:10
2014-05-12,6156X,"MÁLAGA, CENTRO METEOROLÓGICO",MALAGA,54,"22,6","0,0","18,9",05:20,"26,3",11:40,13,"3,1","8,1",09:30,"1010,5",10,"1007,9",Varias,69,93,01:20,51,11:50
2014-05-13,6156X,"MÁLAGA, CENTRO METEOROLÓGICO",MALAGA,54,"19,6","0,0","16,9",05:40,"22,3",08:50,13,"2,8","7,2",22:00,"1017,3",24,"1008,2",03,82,90,Varias,73,09:00
2014-05-14,6156X,"MÁLAGA, CENTRO METEOROLÓGICO",MALAGA,54,"21,2","0,0","18,5",23:00,"23,8",11:20,14,"3,9","11,1",10:20,"1019,5",09,"1016,6",02,67,87,Varias,49,Varias
2014-05-15,6156X,"MÁLAGA, CENTRO METEOROLÓGICO",MALAGA,54,"20,6","0,0","18,0",23:50,"23,2",13:10,14,"4,2","9,7",09:50,"1018,6",00,"1013,0",24,63,78,23:59,51,15:30
2014-05-16,6156X,"MÁLAGA, CENTRO METEOROLÓGICO",MALAGA,54,"20,0","0,0","16,1",05:20,"23,9",10:40,14,"3,3","9,7",Varias,"1013,0",00,"1007,0",18,59,82,Varias,44,10:20
2014-05-17,6156X,"MÁLAGA, CENTRO METEOROLÓGICO",MALAGA,54,"18,5","0,0","14,9",05:00,"22,1",10:50,18,"2,8","9,4",11:00,"1009,1",23,"1006,7",02,65,78,Varias,52,12:10
2014-05-18,6156X,"MÁLAGA, CENTRO METEOROLÓGICO",MALAGA,54,"19,8","0,0","16,5",03:30,"23,2",12:10,14,"2,2","9,4",13:30,"1008,7",00,"1005,6",19,61,81,Varias,50,11:30
2014-05-19,6156X,"MÁLAGA, CENTRO METEOROLÓGICO",MALAGA,54,"19,0","0,0","14,2",05:30,"23,8",13:10,13,"3,9","9,4",17:10,"1005,9",00,"1001,9",18,67,84,20:50,48,13:10
2014-05-20,6156X,"MÁLAGA, CENTRO METEOROLÓGICO",MALAGA,54,"21,8","0,5","16,7",05:30,"26,9",15:10,23,"2,8","11,4",16:50,"1005,2",08,"1002,0",15,49,82,00:10,34,15:10
2014-05-21,6156X,"MÁLAGA, CENTRO METEOROLÓGICO",MALAGA,54,"20,2","0,0","16,1",07:30,"24,4",14:40,99,"5,0","12,2",Varias,"1009,7",23,"1003,2",04,62,90,Varias,35,Varias
2014-05-22,6156X,"MÁLAGA, CENTRO METEOROLÓGICO",MALAGA,54,"19,8","0,0","14,7",05:00,"25,0",13:20,18,"3,1","8,9",12:10,"1012,1",08,"1009,1",01,52,66,02:50,40,10:20
2014-05-23,6156X,"MÁLAGA, CENTRO METEOROLÓGICO",MALAGA,54,"20,7","0,0","14,7",05:20,"26,7",15:20,27,"2,5","9,7",12:10,"1011,8",00,"1006,9",17,43,63,05:30,34,Varias
2014-05-24,6156X,"MÁLAGA, CENTRO METEOROLÓGICO",MALAGA,54,"19,5","0,0","16,3",05:00,"22,7",12:30,13,"2,8","8,3",11:20,"1011,0",24,"1006,7",04,61,76,Varias,52,00:00
2014-05-25,6156X,"MÁLAGA, CENTRO METEOROLÓGICO",MALAGA,54,"18,8","0,0","14,4",05:30,"23,3",16:10,13,"2,8","14,2",17:00,"1012,0",22,"1009,5",18,64,84,03:30,47,09:30
2014-05-26,6156X,"MÁLAGA, CENTRO METEOROLÓGICO",MALAGA,54,"22,3","0,0","15,9",05:20,"28,7",12:30,22,"3,3","10,8",10:50,"1013,0",06,"1009,1",16,38,59,00:00,25,Varias
2014-05-27,6156X,"MÁLAGA, CENTRO METEOROLÓGICO",MALAGA,54,"21,6","0,0","16,8",Varias,"26,3",17:40,09,"2,8","8,3",14:30,"1013,3",11,"1009,6",17,55,73,09:00,32,00:00
2014-05-28,6156X,"MÁLAGA, CENTRO METEOROLÓGICO",MALAGA,54,"22,4","0,0","18,1",06:00,"26,8",14:40,27,"3,1","11,1",15:30,"1012,5",22,"1009,7",17,52,64,Varias,42,14:40
2014-05-29,6156X,"MÁLAGA, CENTRO METEOROLÓGICO",MALAGA,54,"24,6","0,0","18,2",05:10,"31,0",15:30,27,"3,1","10,0",11:50,"1012,7",08,"1009,5",18,41,64,Varias,28,Varias
2014-05-30,6156X,"MÁLAGA, CENTRO METEOROLÓGICO",MALAGA,54,"26,8","0,0","20,3",05:20,"33,2",14:50,27,"2,8","9,7",10:00,"1011,4",00,"1007,2",17,40,63,05:30,28,Varias
2014-05-31,6156X,"MÁLAGA, CENTRO METEOROLÓGICO",MALAGA,54,"21,6","7,4","17,8",23:10,"25,3",10:30,13,"3,3","11,1",01:50,"1012,6",Varias,"1008,0",01,71,96,Varias,45,00:00
2014-06-01,6156X,"MÁLAGA, CENTRO METEOROLÓGICO",MALAGA,54,"20,0","1,1","15,8",10:30,"24,2",14:20,36,"2,2","7,5",09:30,"1014,9",22,"1010,7",Varias,59,96,00:00,38,Varias
2014-06-02,6156X,"MÁLAGA, CENTRO METEOROLÓGICO",MALAGA,54,"23,0","0,0","15,7",04:50,"30,4",12:30,09,"3,3","11,4",16:10,"1014,3",00,"1010,2",15,56,85,23:59,32,11:50
2014-06-03,6156X,"MÁLAGA, CENTRO METEOROLÓGICO",MALAGA,54,"22,0","0,0","16,6",05:20,"27,5",10:50,13,"3,1","8,1",14:30,"1014,2",00,"1009,0",24,60,88,00:40,38,Varias
2014-06-04,6156X,"MÁLAGA, CENTRO METEOROLÓGICO",MALAGA,54,"27,0","0,0","20,0",03:10,"33,9",14:50,27,"2,2","10,0",12:30,"1009,0",00,"1004,5",17,33,66,02:10,22,13:00
2014-06-05,6156X,"MÁLAGA, CENTRO METEOROLÓGICO",MALAGA,54,"25,2","0,0","20,7",20:40,"29,8",10:20,13,"4,2","10,8",12:10,"1008,2",22,"1005,2",10,68,88,Varias,38,10:10
2014-06-06,6156X,"MÁLAGA, CENTRO METEOROLÓGICO",MALAGA,54,"24,1","0,0","19,7",05:00,"28,5",13:50,18,"3,9","8,1",06:20,"1007,3",22,"1004,0",17,56,90,01:40,46,Varias
2014-06-07,6156X,"MÁLAGA, CENTRO METEOROLÓGICO",MALAGA,54,"26,2","0,0","18,8",05:00,"33,5",15:00,27,"3,9","10,6",07:10,"1009,9",23,"1006,6",17,43,66,00:00,28,14:10
2014-06-08,6156X,"MÁLAGA, CENTRO METEOROLÓGICO",MALAGA,54,"25,7","0,0","19,6",05:00,"31,8",11:40,99,"3,3","7,8",07:30,"1010,9",07,"1007,8",18,51,72,04:40,32,11:30
2014-06-09,6156X,"MÁLAGA, CENTRO METEOROLÓGICO",MALAGA,54,"26,4","0,0","20,9",05:40,"31,9",18:00,31,"3,3","8,3",18:40,"1010,0",11,"1006,0",18,41,68,23:59,32,Varias
2014-06-10,6156X,"MÁLAGA, CENTRO METEOROLÓGICO",MALAGA,54,"23,0","1,7","20,0",03:50,"25,9",15:10,99,"3,3","7,2",Varias,"1011,9",Varias,"1008,2",05,66,94,23:30,50,07:50
2014-06-11,6156X,"MÁLAGA, CENTRO METEOROLÓGICO",MALAGA,54,"23,9","0,0","20,5",05:30,"27,3",15:40,99,"3,1","5,8",06:50,"1016,1",23,"1009,7",05,75,93,Varias,55,15:40
2014-06-12,6156X,"MÁLAGA, CENTRO METEOROLÓGICO",MALAGA,54,"24,7","0,0","20,3",05:00,"29,1",16:20,14,"2,5","6,9",11:50,"1015,4",00,"1012,2",17,52,87,01:50,38,Varias
2014-06-13,6156X,"MÁLAGA, CENTRO METEOROLÓGICO",MALAGA,54,"25,7","0,0","20,9",06:00,"30,5",12:00,14,"2,5","6,7",11:30,"1014,1",00,"1009,8",17,42,66,00:10,35,Varias
2014-06-14,6156X,"MÁLAGA, CENTRO METEOROLÓGICO",MALAGA,54,"25,8","0,0","21,8",01:10,"29,9",11:30,14,"2,5","6,9",13:50,"1010,3",00,"1003,3",24,40,48,01:10,35,08:40
2014-06-15,6156X,"MÁLAGA, CENTRO METEOROLÓGICO",MALAGA,54,"25,5","0,0","21,7",05:00,"29,3",08:00,13,"3,1","12,2",10:30,"1008,0",24,"1001,4",06,57,81,Varias,37,07:10
2014-06-16,6156X,"MÁLAGA, CENTRO METEOROLÓGICO",MALAGA,54,"24,0","0,0","20,5",05:20,"27,6",12:40,14,"2,5","7,5",13:30,"1009,0",23,"1006,3",05,73,91,22:40,58,12:40
2014-06-17,6156X,"MÁLAGA, CENTRO METEOROLÓGICO",MALAGA,54,"24,4","0,0","20,0",Varias,"28,8",11:20,14,"3,1","8,3",11:40,"1009,4",07,"1007,6",16,62,88,00:00,38,11:20
2014-06-18,6156X,"MÁLAGA, CENTRO METEOROLÓGICO",MALAGA,54,"23,8","0,0","19,1",03:40,"28,4",13:30,14,"3,1","8,3",14:30,"1009,7",08,"1008,1",16,54,91,23:10,40,12:30
2014-06-19,6156X,"MÁLAGA, CENTRO METEOROLÓGICO",MALAGA,54,"22,9","0,0","19,3",05:30,"26,5",12:40,13,"3,1","8,6",10:30,"1010,7",22,"1008,6",Varias,70,91,01:50,59,10:10
2014-06-20,6156X,"MÁLAGA, CENTRO METEOROLÓGICO",MALAGA,54,"25,0","0,0","20,3",03:00,"29,7",13:50,14,"3,3","9,7",13:20,"1010,1",00,"1006,5",18,55,78,Varias,42,14:00
2014-06-21,6156X,"MÁLAGA, CENTRO METEOROLÓGICO",MALAGA,54,"26,2","0,0","19,4",05:20,"33,1",16:10,26,"2,8","13,1",13:50,"1010,4",24,"1006,9",Varias,41,60,05:40,31,Varias
2014-06-22,6156X,"MÁLAGA, CENTRO METEOROLÓGICO",MALAGA,54,"25,5","0,0","19,3",05:30,"31,7",13:10,27,"3,6","10,8",05:30,"1011,3",08,"1008,3",18,45,72,05:10,29,12:10
2014-06-23,6156X,"MÁLAGA, CENTRO METEOROLÓGICO",MALAGA,54,"24,4","0,0","19,5",05:30,"29,3",16:10,99,"3,3","7,5",Varias,"1011,9",05,"1007,8",Varias,53,67,05:30,35,16:00
2014-06-24,6156X,"MÁLAGA, CENTRO METEOROLÓGICO",MALAGA,54,"22,8","1,2","18,9",11:10,"26,6",09:30,27,"1,9","12,8",10:50,"1012,7",11,"1009,1",02,61,87,11:30,49,Varias
2014-06-25,6156X,"MÁLAGA, CENTRO METEOROLÓGICO",MALAGA,54,"24,4","0,0","17,9",05:00,"30,8",16:30,31,"2,2","9,4",14:30,"1011,1",00,"1007,2",Varias,47,75,04:40,35,Varias
2014-06-26,6156X,"MÁLAGA, CENTRO METEOROLÓGICO",MALAGA,54,"26,8","0,0","20,5",23:59,"33,0",11:50,18,"4,4","10,0",12:20,"1010,3",23,"1007,6",16,49,82,23:59,37,Varias
2014-06-27,6156X,"MÁLAGA, CENTRO METEOROLÓGICO",MALAGA,54,"23,9","0,0","19,5",03:40,"28,3",17:00,14,"2,8","6,7",13:00,"1011,2",11,"1008,5",18,57,85,03:00,45,16:50
2014-06-28,6156X,"MÁLAGA, CENTRO METEOROLÓGICO",MALAGA,54,"27,0","0,0","19,9",03:20,"34,1",18:30,27,"2,5","8,9",19:00,"1011,1",00,"1006,0",19,49,76,00:40,32,19:00
2014-06-29,6156X,"MÁLAGA, CENTRO METEOROLÓGICO",MALAGA,54,"28,2","0,0","22,6",04:40,"33,9",16:00,27,"3,3","11,7",10:20,"1010,8",11,"1008,7",Varias,35,57,06:00,23,Varias
2014-06-30,6156X,"MÁLAGA, CENTRO METEOROLÓGICO",MALAGA,54,"23,5","0,0","20,3",23:59,"26,7",14:50,13,"3,1","8,9",13:20,"1011,7",12,"1008,7",19,56,82,23:30,35,Varias
2014-07-01,6156X,"MÁLAGA, CENTRO METEOROLÓGICO",MALAGA,54,"26,8","0,0","18,9",02:50,"34,8",14:40,31,"3,1","9,2",15:20,"1009,5",00,"1005,3",18,34,85,02:10,22,Varias
2014-07-02,6156X,"MÁLAGA, CENTRO METEOROLÓGICO",MALAGA,54,"25,2","0,0","21,1",05:00,"29,2",13:10,27,"2,8","9,7",12:50,,,,,45,,,,
2014-07-03,6156X,"MÁLAGA, CENTRO METEOROLÓGICO",MALAGA,54,,"0,0",,,,,,,,,,,,,,,,,
2014-07-04,6156X,"MÁLAGA, CENTRO METEOROLÓGICO",MALAGA,54,,"0,0",,,,,,,,,,,,,,,,,
2014-07-05,6156X,"MÁLAGA, CENTRO METEOROLÓGICO",MALAGA,54,"23,8","0,0","19,4",04:30,"28,1",13:40,14,"2,8","7,2",14:30,"1010,6",Varias,"1007,7",18,62,90,Varias,50,13:20
2014-07-06,6156X,"MÁLAGA, CENTRO METEOROLÓGICO",MALAGA,54,"26,0","0,0","19,4",04:50,"32,5",13:10,36,"2,8","11,7",23:30,"1009,4",24,"1006,7",15,45,91,Varias,32,Varias
2014-07-07,6156X,"MÁLAGA, CENTRO METEOROLÓGICO",MALAGA,54,"28,7","0,0","22,7",05:00,"34,7",16:00,27,"2,5","10,3",16:50,"1010,1",08,"1007,0",16,41,70,Varias,25,15:40
2014-07-08,6156X,"MÁLAGA, CENTRO METEOROLÓGICO",MALAGA,54,"24,2","0,0","20,9",05:00,"27,4",14:40,13,"2,5","8,6",12:20,"1012,1",10,"1008,6",01,64,79,Varias,35,Varias
2014-07-09,6156X,"MÁLAGA, CENTRO METEOROLÓGICO",MALAGA,54,"23,6","0,0","19,6",05:00,"27,7",11:50,14,"2,8","8,1",11:00,"1010,2",23,"1007,7",Varias,75,93,Varias,65,12:30
2014-07-10,6156X,"MÁLAGA, CENTRO METEOROLÓGICO",MALAGA,54,"25,5","0,0","21,8",23:59,"29,2",13:20,14,"3,1","7,8",14:00,"1011,7",08,"1008,6",Varias,65,94,23:40,47,11:40
2014-07-11,6156X,"MÁLAGA, CENTRO METEOROLÓGICO",MALAGA,54,"23,6","0,0","19,7",05:00,"27,4",15:50,99,"3,1","7,8",Varias,"1011,0",08,"1007,4",18,72,96,Varias,52,15:50
2014-07-12,6156X,"MÁLAGA, CENTRO METEOROLÓGICO",MALAGA,54,"23,8","0,0","20,5",04:40,"27,0",11:40,14,"2,5","6,7",Varias,"1010,4",11,"1007,5",17,69,97,Varias,49,10:10
2014-07-13,6156X,"MÁLAGA, CENTRO METEOROLÓGICO",MALAGA,54,"24,4","0,0","21,0",23:20,"27,7",13:50,13,"1,9","6,9",13:40,"1011,7",10,"1008,2",18,73,93,Varias,53,14:10
2014-07-14,6156X,"MÁLAGA, CENTRO METEOROLÓGICO",MALAGA,54,"24,2","0,0","20,3",02:40,"28,1",12:50,14,"3,1","6,9",14:40,"1010,5",24,"1007,4",18,63,93,Varias,49,12:50
2014-07-15,6156X,"MÁLAGA, CENTRO METEOROLÓGICO",MALAGA,54,"26,0","0,0","21,4",04:00,"30,5",14:00,18,"2,2","8,1",12:40,"1012,2",Varias,"1010,1",Varias,61,91,Varias,46,12:50
2014-07-16,6156X,"MÁLAGA, CENTRO METEOROLÓGICO",MALAGA,54,"26,2","0,0","21,3",05:50,"31,0",12:20,18,"3,1","7,5",11:10,"1012,3",Varias,"1010,5",17,58,78,Varias,42,09:40
2014-07-17,6156X,"MÁLAGA, CENTRO METEOROLÓGICO",MALAGA,54,"27,4","0,0","22,9",05:20,"31,8",12:30,14,"2,2","7,2",13:40,"1012,0",00,"1008,5",18,50,75,Varias,38,09:10
2014-07-18,6156X,"MÁLAGA, CENTRO METEOROLÓGICO",MALAGA,54,"27,6","0,0","23,5",03:00,"31,8",12:20,13,"3,1","8,3",12:20,"1009,2",00,"1004,5",17,56,75,Varias,46,12:20
2014-07-19,6156X,"MÁLAGA, CENTRO METEOROLÓGICO",MALAGA,54,"27,8","0,0","22,1",03:40,"33,6",14:20,27,"2,5","8,9",16:20,"1009,5",24,"1005,5",16,36,69,00:00,28,09:10
2014-07-20,6156X,"MÁLAGA, CENTRO METEOROLÓGICO",MALAGA,54,"27,4","0,0","22,0",04:40,"32,9",17:00,27,"3,6","12,2",15:30,"1011,2",23,"1008,9",17,41,61,06:00,26,18:20
2014-07-21,6156X,"MÁLAGA, CENTRO METEOROLÓGICO",MALAGA,54,"27,0","0,0","22,8",06:00,"31,3",10:20,13,"2,2","8,6",13:50,"1012,3",11,"1010,2",03,45,76,Varias,35,10:10
2014-07-22,6156X,"MÁLAGA, CENTRO METEOROLÓGICO",MALAGA,54,"25,6","0,0","21,2",05:40,"30,0",13:10,14,"2,8","6,4",13:00,"1011,0",00,"1006,8",18,50,78,23:00,44,07:50
2014-07-23,6156X,"MÁLAGA, CENTRO METEOROLÓGICO",MALAGA,54,"25,4","0,0","20,1",05:40,"30,6",11:40,13,"2,5","8,6",17:00,"1007,6",00,"1002,8",18,40,78,00:50,35,11:40
2014-07-24,6156X,"MÁLAGA, CENTRO METEOROLÓGICO",MALAGA,54,"29,4","0,0","22,4",02:30,"36,5",10:40,13,"3,3","8,9",13:30,"1004,2",00,"1000,9",17,51,78,02:10,29,10:30
2014-07-25,6156X,"MÁLAGA, CENTRO METEOROLÓGICO",MALAGA,54,"26,7","0,0","21,7",05:10,"31,7",10:50,14,"3,1","7,8",14:30,"1006,8",24,"1002,6",03,61,91,23:59,43,10:50
2014-07-26,6156X,"MÁLAGA, CENTRO METEOROLÓGICO",MALAGA,54,"25,8","0,0","22,0",06:00,"29,6",15:00,13,"2,5","7,5",12:10,"1009,6",23,"1005,8",04,62,91,Varias,47,08:30
2014-07-27,6156X,"MÁLAGA, CENTRO METEOROLÓGICO",MALAGA,54,"25,6","0,0","22,4",05:30,"28,9",Varias,14,"3,3","7,5",15:10,"1010,4",10,"1008,3",17,60,84,04:10,47,15:10
2014-07-28,6156X,"MÁLAGA, CENTRO METEOROLÓGICO",MALAGA,54,"26,8","0,0","21,5",03:30,"32,0",20:10,09,"2,8","8,3",14:30,"1009,4",00,"1003,6",18,54,90,03:20,37,23:50
2014-07-29,6156X,"MÁLAGA, CENTRO METEOROLÓGICO",MALAGA,54,"29,2","0,0","24,3",23:59,"34,2",10:50,26,"4,7","11,4",10:00,"1007,9",24,"1004,0",Varias,55,91,23:50,35,10:40
2014-07-30,6156X,"MÁLAGA, CENTRO METEOROLÓGICO",MALAGA,54,"26,8","0,0","23,5",23:30,"30,2",12:40,14,"3,3","6,9",11:10,"1008,5",11,"1006,5",16,70,93,06:00,50,10:40
2014-07-31,6156X,"MÁLAGA, CENTRO METEOROLÓGICO",MALAGA,54,"25,6","0,0","21,5",05:20,"29,8",15:10,09,"3,1","8,3",Varias,"1009,5",10,"1005,6",18,60,91,02:50,44,15:30
2014-08-01,6156X,"MÁLAGA, CENTRO METEOROLÓGICO",MALAGA,54,"26,3","0,0","20,4",05:40,"32,2",15:40,27,"3,3","14,7",08:30,"1007,3",07,"1003,7",Varias,47,70,05:40,35,Varias
2014-08-02,6156X,"MÁLAGA, CENTRO METEOROLÓGICO",MALAGA,54,"27,8","0,0","22,5",05:40,"33,1",15:20,36,"2,5","9,7",08:50,"1006,1",10,"1002,9",17,40,57,Varias,31,Varias
2014-08-03,6156X,"MÁLAGA, CENTRO METEOROLÓGICO",MALAGA,54,"27,0","0,0","22,4",23:30,"31,6",10:50,27,"3,3","7,2",03:00,"1007,0",23,"1004,1",03,49,75,22:40,40,10:50
2014-08-04,6156X,"MÁLAGA, CENTRO METEOROLÓGICO",MALAGA,54,"24,8","0,0","20,0",05:40,"29,7",12:00,13,"3,1","8,6",15:10,"1009,3",23,"1006,3",01,52,81,03:30,43,12:00
2014-08-05,6156X,"MÁLAGA, CENTRO METEOROLÓGICO",MALAGA,54,"28,4","0,0","21,0",05:20,"35,7",11:10,09,"3,1","9,7",12:30,"1011,1",23,"1007,8",18,49,80,23:50,26,10:50
2014-08-06,6156X,"MÁLAGA, CENTRO METEOROLÓGICO",MALAGA,54,"24,7","0,0","20,9",05:30,"28,5",14:40,13,"2,2","6,7",13:50,"1012,4",09,"1009,1",18,66,91,23:59,60,04:10
2014-08-07,6156X,"MÁLAGA, CENTRO METEOROLÓGICO",MALAGA,54,"24,2","0,0","20,4",03:40,"28,0",15:20,09,"3,1","7,2",11:30,"1009,8",11,"1007,0",18,68,91,00:00,55,17:00
2014-08-08,6156X,"MÁLAGA, CENTRO METEOROLÓGICO",MALAGA,54,"25,0","0,0","20,3",05:40,"29,7",11:40,14,"2,2","6,9",13:40,"1008,2",00,"1003,7",18,62,91,23:40,44,11:50
2014-08-09,6156X,"MÁLAGA, CENTRO METEOROLÓGICO",MALAGA,54,"25,1","0,0","20,9",01:30,"29,3",10:30,14,"2,5","7,5",12:30,"1005,7",00,"1003,4",Varias,66,96,Varias,50,10:40
2014-08-10,6156X,"MÁLAGA, CENTRO METEOROLÓGICO",MALAGA,54,"28,3","0,0","20,8",04:50,"35,8",16:10,26,"2,8","7,8",09:40,"1006,8",10,"1003,7",17,40,87,04:10,25,21:50
2014-08-11,6156X,"MÁLAGA, CENTRO METEOROLÓGICO",MALAGA,54,"32,9","0,0","26,4",06:00,"39,4",13:10,27,"2,8","11,4",08:00,"1007,4",Varias,"1004,6",18,38,44,Varias,26,12:50
2014-08-12,6156X,"MÁLAGA, CENTRO METEOROLÓGICO",MALAGA,54,"26,6","0,0","22,6",03:00,"30,5",23:59,14,"1,9","8,3",11:20,"1009,1",11,"1005,2",18,69,82,Varias,37,Varias
2014-08-13,6156X,"MÁLAGA, CENTRO METEOROLÓGICO",MALAGA,54,"31,7","0,0","26,5",05:40,"36,9",15:40,31,"3,3","11,4",11:40,"1005,9",00,"1003,1",18,34,46,07:10,26,Varias
2014-08-14,6156X,"MÁLAGA, CENTRO METEOROLÓGICO",MALAGA,54,"27,8","0,0","24,7",23:50,"30,8",11:40,09,"2,8","9,2",04:40,"1011,2",24,"1005,0",01,69,93,23:59,28,00:30
2014-08-15,6156X,"MÁLAGA, CENTRO METEOROLÓGICO",MALAGA,54,"28,0","0,0","24,5",05:50,"31,5",12:50,14,"2,2","7,2",15:20,"1011,5",10,"1009,0",18,73,93,Varias,58,09:20
2014-08-16,6156X,"MÁLAGA, CENTRO METEOROLÓGICO",MALAGA,54,"27,1","0,0","23,1",05:00,"31,1",12:00,14,"2,5","8,6",14:00,"1012,1",23,"1009,7",04,72,88,23:50,55,12:00
2014-08-17,6156X,"MÁLAGA, CENTRO METEOROLÓGICO",MALAGA,54,"25,8","0,0","23,7",23:59,"27,8",10:50,14,"2,8","8,6",12:10,"1011,9",00,"1007,4",19,75,88,Varias,66,Varias
2014-08-18,6156X,"MÁLAGA, CENTRO METEOROLÓGICO",MALAGA,54,"26,8","0,0","22,1",04:40,"31,4",13:00,18,"3,1","7,2",13:30,"1007,9",00,"1004,7",18,59,88,Varias,40,13:00
2014-08-19,6156X,"MÁLAGA, CENTRO METEOROLÓGICO",MALAGA,54,"28,9","0,0","21,4",05:50,"36,4",15:20,36,"2,8","8,1",20:30,"1008,3",24,"1004,5",15,59,94,Varias,25,23:50
2014-08-20,6156X,"MÁLAGA, CENTRO METEOROLÓGICO",MALAGA,54,"29,8","0,0","23,2",05:50,"36,5",14:40,27,"3,3","8,9",11:20,"1009,0",09,"1006,0",17,28,42,Varias,19,13:00
2014-08-21,6156X,"MÁLAGA, CENTRO METEOROLÓGICO",MALAGA,54,"28,2","0,0","23,7",Varias,"32,6",09:10,13,"3,1","8,3",11:10,"1009,3",10,"1006,6",18,55,93,19:30,28,Varias
2014-08-22,6156X,"MÁLAGA, CENTRO METEOROLÓGICO",MALAGA,54,"26,8","0,0","20,7",05:30,"32,9",16:20,36,"2,2","7,5",19:00,"1009,2",Varias,"1005,1",18,42,91,Varias,26,18:30
2014-08-23,6156X,"MÁLAGA, CENTRO METEOROLÓGICO",MALAGA,54,"28,0","0,0","24,6",05:50,"31,5",09:50,09,"4,2","12,5",11:40,"1012,9",23,"1007,1",03,63,85,18:40,34,Varias
2014-08-24,6156X,"MÁLAGA, CENTRO METEOROLÓGICO",MALAGA,54,"27,0","0,0","23,4",06:00,"30,5",11:30,99,"2,5","7,5",Varias,"1013,0",09,"1010,1",18,70,88,00:50,58,11:30
2014-08-25,6156X,"MÁLAGA, CENTRO METEOROLÓGICO",MALAGA,54,"26,5","0,0","22,3",05:30,"30,7",13:20,18,"2,5","6,7",14:10,"1012,2",00,"1008,7",17,69,88,06:00,55,Varias
2014-08-26,6156X,"MÁLAGA, CENTRO METEOROLÓGICO",MALAGA,54,"26,5","0,0","21,8",05:30,"31,2",13:40,13,"2,8","8,3",15:00,"1009,9",00,"1006,1",Varias,56,85,00:00,40,09:00
2014-08-27,6156X,"MÁLAGA, CENTRO METEOROLÓGICO",MALAGA,54,"29,6","0,0","23,3",00:20,"36,0",09:30,14,"2,8","7,8",13:40,"1008,3",24,"1005,6",Varias,37,84,23:40,31,09:30
2014-08-28,6156X,"MÁLAGA, CENTRO METEOROLÓGICO",MALAGA,54,"27,4","0,0","23,7",05:50,"31,2",12:50,14,"2,5","7,5",11:30,"1010,0",11,"1008,0",04,72,93,Varias,57,09:10
2014-08-29,6156X,"MÁLAGA, CENTRO METEOROLÓGICO",MALAGA,54,"27,2","0,0","22,6",05:20,"31,8",09:00,13,"2,5","7,8",13:20,"1009,2",11,"1006,2",Varias,59,94,Varias,35,08:40
2014-08-30,6156X,"MÁLAGA, CENTRO METEOROLÓGICO",MALAGA,54,"27,0","0,0","22,4",02:10,"31,6",13:10,14,"2,5","7,5",11:10,"1010,9",24,"1008,2",17,70,91,23:30,58,13:10
2014-08-31,6156X,"MÁLAGA, CENTRO METEOROLÓGICO",MALAGA,54,"27,0","0,0","22,8",05:10,"31,1",14:00,18,"2,5","7,8",11:40,"1010,5",00,"1008,4",16,74,93,Varias,60,Varias
2014-09-01,6156X,"MÁLAGA, CENTRO METEOROLÓGICO",MALAGA,54,"27,8","0,0","24,5",Varias,"31,2",12:00,14,"2,5","6,7",12:40,"1009,7",00,"1006,8",18,73,93,Varias,62,12:00
2014-09-02,6156X,"MÁLAGA, CENTRO METEOROLÓGICO",MALAGA,54,"27,6","0,0","22,0",04:20,"33,2",12:30,13,"2,5","6,1",13:10,"1008,1",02,"1004,6",17,61,94,02:30,40,12:00
2014-09-03,6156X,"MÁLAGA, CENTRO METEOROLÓGICO",MALAGA,54,"31,2","0,0","25,2",06:10,"37,2",11:20,26,"3,6","8,9",10:30,"1005,9",00,"1002,3",18,52,60,05:40,25,11:20
2014-09-04,6156X,"MÁLAGA, CENTRO METEOROLÓGICO",MALAGA,54,"31,4","0,0","25,2",06:10,"37,7",12:50,27,"2,8","11,1",07:40,"1006,7",Varias,"1003,9",17,44,54,05:30,26,12:50
2014-09-05,6156X,"MÁLAGA, CENTRO METEOROLÓGICO",MALAGA,54,"30,3","0,0","25,2",05:10,"35,4",10:40,09,"3,3","7,8",12:20,"1007,5",09,"1004,9",17,47,49,Varias,34,10:30
2014-09-06,6156X,"MÁLAGA, CENTRO METEOROLÓGICO",MALAGA,54,"30,1","0,0","24,3",05:00,"35,9",12:40,27,"3,6","8,3",09:30,"1007,2",08,"1003,8",18,41,52,23:50,31,12:10
2014-09-07,6156X,"MÁLAGA, CENTRO METEOROLÓGICO",MALAGA,54,"28,2","0,0","22,6",06:00,"33,8",13:00,26,"2,5","8,9",10:50,"1006,7",23,"1003,6",18,47,72,05:30,35,12:10
2014-09-08,6156X,"MÁLAGA, CENTRO METEOROLÓGICO",MALAGA,54,"28,4","0,0","23,3",06:00,"33,4",11:30,26,"3,1","8,6",08:10,"1008,1",22,"1006,2",Varias,56,69,Varias,42,12:10
2014-09-09,6156X,"MÁLAGA, CENTRO METEOROLÓGICO",MALAGA,54,"26,8","0,0","22,9",21:40,"30,7",10:50,14,"3,1","7,5",12:10,"1009,8",22,"1006,8",03,78,88,05:50,47,11:00
2014-09-10,6156X,"MÁLAGA, CENTRO METEOROLÓGICO",MALAGA,54,"25,0","0,0","20,2",06:00,"29,8",14:40,13,"3,1","8,3",15:10,"1009,2",00,"1005,7",18,55,75,00:00,41,15:40
2014-09-11,6156X,"MÁLAGA, CENTRO METEOROLÓGICO",MALAGA,54,"27,0","0,0","20,9",03:40,"33,0",14:20,27,"2,2","8,9",09:30,"1009,6",Varias,"1007,1",16,45,78,03:20,35,Varias
2014-09-12,6156X,"MÁLAGA, CENTRO METEOROLÓGICO",MALAGA,54,"29,1","0,0","22,7",Varias,"35,5",13:50,26,"3,3","9,7",11:30,"1009,3",Varias,"1006,4",Varias,49,66,06:00,34,13:50
2014-09-13,6156X,"MÁLAGA, CENTRO METEOROLÓGICO",MALAGA,54,"26,5","0,0","21,7",23:59,"31,3",10:00,27,"3,1","6,7",07:30,"1010,0",10,"1007,3",18,51,83,23:59,44,Varias
2014-09-14,6156X,"MÁLAGA, CENTRO METEOROLÓGICO",MALAGA,54,"28,2","0,0","21,2",01:50,"35,1",14:40,31,"1,7","8,1",10:40,"1009,1",00,"1005,4",18,40,85,00:50,29,13:30
2014-09-15,6156X,"MÁLAGA, CENTRO METEOROLÓGICO",MALAGA,54,"26,5","0,0","20,0",23:50,"33,0",13:20,99,"2,8","8,9",10:40,"1008,4",01,"1004,3",19,55,85,23:40,32,15:10
2014-09-16,6156X,"MÁLAGA, CENTRO METEOROLÓGICO",MALAGA,54,"23,7","0,0","18,2",04:50,"29,2",10:40,14,"1,9","6,4",14:50,"1005,6",00,"1002,7",15,56,85,Varias,35,10:30
2014-09-17,6156X,"MÁLAGA, CENTRO METEOROLÓGICO",MALAGA,54,"24,1","0,0","21,3",06:30,"26,9",17:00,26,"1,7","9,4",16:30,"1005,3",10,"1003,1",16,68,83,10:30,55,16:40
2014-09-18,6156X,"MÁLAGA, CENTRO METEOROLÓGICO",MALAGA,54,"24,4","0,0","18,9",06:00,"30,0",15:40,22,"2,8","11,4",14:10,"1006,6",Varias,"1002,9",15,58,82,05:40,41,Varias
2014-09-19,6156X,"MÁLAGA, CENTRO METEOROLÓGICO",MALAGA,54,"22,4","0,0","18,6",06:40,"26,3",12:40,05,"2,5","6,7",18:40,"1009,8",23,"1005,5",02,69,79,23:59,57,14:50
2014-09-20,6156X,"MÁLAGA, CENTRO METEOROLÓGICO",MALAGA,54,"24,7","0,0","19,5",01:20,"29,9",12:50,14,"2,2","6,9",13:40,"1012,0",21,"1008,3",03,56,81,00:40,44,13:30
2014-09-21,6156X,"MÁLAGA, CENTRO METEOROLÓGICO",MALAGA,54,"25,6","0,0","20,7",23:50,"30,5",14:50,13,"2,8","6,4",18:30,"1012,2",09,"1008,5",15,52,75,23:50,41,14:50
2014-09-22,6156X,"MÁLAGA, CENTRO METEOROLÓGICO",MALAGA,54,"25,6","0,0","20,1",04:30,"31,0",12:10,36,"2,2","8,3",20:10,"1009,7",00,"1006,5",Varias,56,75,00:00,44,12:10
2014-09-23,6156X,"MÁLAGA, CENTRO METEOROLÓGICO",MALAGA,54,"24,6","0,0","19,0",05:50,"30,2",14:40,14,"2,8","9,2",15:30,"1009,6",08,"1006,4",15,57,75,06:20,45,11:20
2014-09-24,6156X,"MÁLAGA, CENTRO METEOROLÓGICO",MALAGA,54,"24,9","0,0","19,0",06:10,"30,8",14:30,31,"2,8","9,2",15:50,"1010,4",23,"1007,0",15,61,75,Varias,44,Varias
2014-09-25,6156X,"MÁLAGA, CENTRO METEOROLÓGICO",MALAGA,54,"22,8","0,0","18,8",23:50,"26,9",10:50,13,"1,9","6,7",12:10,"1013,8",24,"1009,9",16,70,88,22:20,56,11:10
2014-09-26,6156X,"MÁLAGA, CENTRO METEOROLÓGICO",MALAGA,54,"22,2","12,4","17,8",01:40,"26,5",14:30,14,"2,8","8,6",12:10,"1014,5",21,"1012,9",Varias,71,95,22:40,58,10:20
2014-09-27,6156X,"MÁLAGA, CENTRO METEOROLÓGICO",MALAGA,54,"21,0","31,0","18,9",02:50,"23,2",15:50,13,"1,7","10,3",11:10,"1014,9",21,"1012,3",05,86,97,Varias,70,16:40
2014-09-28,6156X,"MÁLAGA, CENTRO METEOROLÓGICO",MALAGA,54,"22,2","0,8","18,8",04:00,"25,6",13:50,09,"1,7","6,9",04:10,"1015,5",10,"1013,2",17,79,95,04:10,64,12:40
2014-09-29,6156X,"MÁLAGA, CENTRO METEOROLÓGICO",MALAGA,54,"23,2","0,0","20,2",05:50,"26,1",12:20,14,"2,2","5,8",13:00,"1016,3",22,"1014,1",04,82,96,Varias,63,12:40
2014-09-30,6156X,"MÁLAGA, CENTRO METEOROLÓGICO",MALAGA,54,"23,2","0,0","19,3",04:10,"27,1",10:30,13,"1,9","10,8",16:20,"1016,0",Varias,"1013,2",17,73,96,Varias,52,11:10
2014-10-01,6156X,"MÁLAGA, CENTRO METEOROLÓGICO",MALAGA,54,"23,9","0,0","21,5",06:20,"26,3",13:30,13,"3,1","10,3",13:30,"1016,1",10,"1012,8",18,78,90,Varias,66,13:20
2014-10-02,6156X,"MÁLAGA, CENTRO METEOROLÓGICO",MALAGA,54,"24,8","0,1","21,9",07:00,"27,6",10:50,13,"2,2","8,9",15:00,"1015,9",22,"1013,6",16,73,88,Varias,53,12:40
2014-10-03,6156X,"MÁLAGA, CENTRO METEOROLÓGICO",MALAGA,54,"24,7","0,0","21,2",23:59,"28,2",11:20,14,"1,9","6,4",11:40,"1015,9",08,"1013,5",17,76,93,Varias,55,10:50
2014-10-04,6156X,"MÁLAGA, CENTRO METEOROLÓGICO",MALAGA,54,"23,9","0,0","19,5",04:00,"28,3",11:10,13,"2,8","7,5",12:50,"1014,2",00,"1010,8",24,76,93,Varias,46,11:20
2014-10-05,6156X,"MÁLAGA, CENTRO METEOROLÓGICO",MALAGA,54,"22,9","0,0","19,2",06:30,"26,6",11:30,13,"1,9","7,5",13:30,"1010,8",00,"1007,2",16,78,93,23:30,58,11:30
2014-10-06,6156X,"MÁLAGA, CENTRO METEOROLÓGICO",MALAGA,54,"22,8","0,0","19,1",06:20,"26,5",14:40,27,"1,7","8,9",23:00,"1009,1",09,"1006,3",15,62,94,Varias,42,14:50
2014-10-07,6156X,"MÁLAGA, CENTRO METEOROLÓGICO",MALAGA,54,"24,7","0,0","18,6",06:10,"30,8",12:30,27,"3,1","8,6",00:10,"1008,8",09,"1005,8",16,51,69,Varias,35,12:20
2014-10-08,6156X,"MÁLAGA, CENTRO METEOROLÓGICO",MALAGA,54,"23,0","0,0","17,7",06:20,"28,4",10:40,09,"2,2","7,2",15:00,"1008,5",09,"1005,9",17,60,76,Varias,44,10:20
2014-10-09,6156X,"MÁLAGA, CENTRO METEOROLÓGICO",MALAGA,54,"25,4","0,0","20,1",06:00,"30,8",14:00,22,"1,9","8,1",14:40,"1009,0",09,"1005,9",15,54,79,06:20,37,Varias
2014-10-10,6156X,"MÁLAGA, CENTRO METEOROLÓGICO",MALAGA,54,"22,2","6,6","17,5",07:15,"26,8",11:54,27,"1,4","10,8",12:40,"1010,8",13,"1007,6",13,81,91,23:00,55,11:30
2014-10-11,6156X,"MÁLAGA, CENTRO METEOROLÓGICO",MALAGA,54,"21,0","16,8","17,7",03:18,"24,3",11:01,14,"2,8","9,7",13:20,"1009,3",00,"1002,6",18,75,96,23:30,61,11:10
2014-10-12,6156X,"MÁLAGA, CENTRO METEOROLÓGICO",MALAGA,54,"18,4","9,8","15,8",23:40,"21,1",14:31,13,"2,5","7,2",12:50,"1009,9",23,"1004,7",04,89,97,Varias,73,16:00
2014-10-13,6156X,"MÁLAGA, CENTRO METEOROLÓGICO",MALAGA,54,"17,4","18,4","13,1",06:24,"21,7",12:07,18,"2,2","7,8",23:00,"1011,0",10,"1004,5",24,74,96,Varias,56,10:30
2014-10-14,6156X,"MÁLAGA, CENTRO METEOROLÓGICO",MALAGA,54,"19,1","0,1","15,5",06:21,"22,7",14:20,31,"2,5","11,1",13:50,"1010,5",24,"1002,9",03,58,97,Varias,38,14:40
2014-10-15,6156X,"MÁLAGA, CENTRO METEOROLÓGICO",MALAGA,54,"21,6","0,0","15,5",04:30,"27,8",13:20,04,"1,7","8,1",13:30,"1011,8",08,"1008,9",15,63,81,05:10,47,Varias
2014-10-16,6156X,"MÁLAGA, CENTRO METEOROLÓGICO",MALAGA,54,"22,3","0,0","18,4",06:20,"26,2",12:00,14,"1,9","7,2",13:00,"1011,5",08,"1009,8",16,71,90,23:59,56,12:20
2014-10-17,6156X,"MÁLAGA, CENTRO METEOROLÓGICO",MALAGA,54,"21,8","0,0","17,4",04:40,"26,2",10:00,14,"1,9","5,6",12:40,"1013,3",22,"1010,9",02,75,94,Varias,57,11:20
2014-10-18,6156X,"MÁLAGA, CENTRO METEOROLÓGICO",MALAGA,54,"22,4","0,0","17,0",05:00,"27,9",12:00,14,"1,7","5,8",13:00,"1013,9",Varias,"1011,9",15,61,94,Varias,48,12:00
2014-10-19,6156X,"MÁLAGA, CENTRO METEOROLÓGICO",MALAGA,54,"23,0","0,0","17,6",07:00,"28,3",10:20,13,"1,9","7,8",15:00,"1013,2",00,"1010,4",16,61,82,07:20,44,Varias
2014-10-20,6156X,"MÁLAGA, CENTRO METEOROLÓGICO",MALAGA,54,"23,4","0,0","18,4",23:59,"28,4",09:50,14,"0,8","5,6",14:10,,,,,52,,,,
2014-10-21,6156X,"MÁLAGA, CENTRO METEOROLÓGICO",MALAGA,54,"21,6","0,0","16,8",05:00,"26,3",15:00,14,"1,7","5,3",12:20,"1018,6",22,"1014,3",04,65,79,00:00,47,10:00
2014-10-22,6156X,"MÁLAGA, CENTRO METEOROLÓGICO",MALAGA,54,"28,0","0,0","20,3",22:50,"35,6",14:00,36,"1,9","8,6",14:20,"1018,3",00,"1012,4",15,44,78,Varias,22,15:10
2014-10-23,6156X,"MÁLAGA, CENTRO METEOROLÓGICO",MALAGA,54,"21,4","0,0","17,1",23:59,"25,7",11:10,14,"1,9","7,2",11:40,"1017,0",08,"1012,6",24,73,88,23:50,53,10:10
2014-10-24,6156X,"MÁLAGA, CENTRO METEOROLÓGICO",MALAGA,54,"20,8","0,0","14,9",04:40,"26,8",10:30,14,"1,9","5,3",14:50,"1012,6",00,"1009,6",14,63,89,00:20,43,Varias
2014-10-25,6156X,"MÁLAGA, CENTRO METEOROLÓGICO",MALAGA,54,"21,2","0,0","15,6",02:30,"26,9",14:20,13,"1,7","6,4",12:40,"1015,3",24,"1011,9",03,57,70,02:10,38,11:00
2014-10-26,6156X,"MÁLAGA, CENTRO METEOROLÓGICO",MALAGA,54,"21,8","0,0","15,2",06:00,"28,4",12:50,28,"1,9","6,1",00:10,,,,,50,,,,
2014-10-27,6156X,"MÁLAGA, CENTRO METEOROLÓGICO",MALAGA,54,"20,2","0,0","13,9",06:40,"26,5",12:20,13,"1,9","7,2",13:10,"1015,0",00,"1012,0",16,74,90,Varias,58,12:30
2014-10-28,6156X,"MÁLAGA, CENTRO METEOROLÓGICO",MALAGA,54,"20,1","0,0","16,1",06:00,"24,1",13:50,14,"2,5","6,9",13:10,"1012,5",00,"1009,1",16,80,94,Varias,61,13:50
2014-10-29,6156X,"MÁLAGA, CENTRO METEOROLÓGICO",MALAGA,54,"21,2","0,0","18,2",05:20,"24,3",13:40,13,"1,9","7,2",11:00,"1014,1",24,"1009,9",03,79,90,Varias,64,13:10
2014-10-30,6156X,"MÁLAGA, CENTRO METEOROLÓGICO",MALAGA,54,"21,0","0,0","16,1",07:00,"26,0",13:50,14,"1,9","6,7",14:10,"1016,8",22,"1013,7",15,68,93,06:50,45,11:20
2014-10-31,6156X,"MÁLAGA, CENTRO METEOROLÓGICO",MALAGA,54,"20,0","0,0","15,5",07:00,"24,4",10:30,99,"1,9","6,7",Varias,"1017,8",Varias,"1015,8",03,73,88,Varias,53,10:10
2014-11-01,6156X,"MÁLAGA, CENTRO METEOROLÓGICO",MALAGA,54,"20,0","0,0","15,3",07:10,"24,7",13:00,13,"1,9","6,4",12:40,"1018,5",08,"1016,0",16,77,93,07:00,58,Varias
2014-11-02,6156X,"MÁLAGA, CENTRO METEOROLÓGICO",MALAGA,54,"20,4","0,0","16,3",07:30,"24,5",12:50,14,"2,2","6,7",11:10,"1016,4",00,"1012,3",16,78,93,23:59,64,12:50
2014-11-03,6156X,"MÁLAGA, CENTRO METEOROLÓGICO",MALAGA,54,"20,4","7,0","15,0",06:50,"25,8",15:00,18,"1,4","5,8",12:20,"1013,0",00,"1004,8",24,64,94,Varias,38,15:50
2014-11-04,6156X,"MÁLAGA, CENTRO METEOROLÓGICO",MALAGA,54,"17,1","1,2","13,8",23:50,"20,4",01:40,31,,"17,2",07:30,,,,,,,,,
2014-11-05,6156X,"MÁLAGA, CENTRO METEOROLÓGICO",MALAGA,54,,"0,0",,,,,,,,,,,,,,,,,
2014-11-06,6156X,"MÁLAGA, CENTRO METEOROLÓGICO",MALAGA,54,"16,4","0,0","11,7",04:20,"21,0",14:40,31,"1,9","9,2",10:50,"1014,3",Varias,"1010,5",00,49,65,04:20,38,Varias
2014-11-07,6156X,"MÁLAGA, CENTRO METEOROLÓGICO",MALAGA,54,"20,2","0,0","16,1",01:10,"24,4",14:00,31,"1,4","7,8",01:20,"1014,3",00,"1010,3",15,65,90,23:20,54,12:40
2014-11-08,6156X,"MÁLAGA, CENTRO METEOROLÓGICO",MALAGA,54,"18,0","2,3","14,6",23:40,"21,4",12:40,31,"2,2","11,1",12:10,"1012,5",09,"1007,0",24,59,91,Varias,40,13:50
2014-11-09,6156X,"MÁLAGA, CENTRO METEOROLÓGICO",MALAGA,54,"15,5","0,0","12,3",23:20,"18,7",13:20,27,"2,8","11,1",09:40,"1009,7",23,"1005,0",04,55,97,Varias,42,14:00
2014-11-10,6156X,"MÁLAGA, CENTRO METEOROLÓGICO",MALAGA,54,"15,0","1,8","10,0",07:20,"20,0",12:40,27,"1,9","8,6",11:10,"1010,6",10,"1007,6",Varias,51,74,07:20,34,Varias
2014-11-11,6156X,"MÁLAGA, CENTRO METEOROLÓGICO",MALAGA,54,"15,2","11,9","13,6",09:00,"16,9",23:40,09,"1,9","6,9",10:30,"1007,7",00,"1002,5",17,92,98,09:30,56,00:00
2014-11-12,6156X,"MÁLAGA, CENTRO METEOROLÓGICO",MALAGA,54,"19,0","0,0","14,9",01:00,"23,0",12:50,22,"1,7","4,7",14:50,"1011,3",23,"1005,0",02,67,90,23:40,56,12:50
2014-11-13,6156X,"MÁLAGA, CENTRO METEOROLÓGICO",MALAGA,54,"17,6","1,1","14,6",01:40,"20,7",13:00,09,"1,7","5,3",18:10,"1011,5",10,"1008,2",24,84,93,07:20,71,12:10
2014-11-14,6156X,"MÁLAGA, CENTRO METEOROLÓGICO",MALAGA,54,"17,6","9,3","15,2",23:00,"19,9",14:50,18,"2,5","9,2",06:50,"1008,2",00,"1004,6",15,91,98,Varias,78,23:59
2014-11-15,6156X,"MÁLAGA, CENTRO METEOROLÓGICO",MALAGA,54,"16,8","0,0","13,1",23:20,"20,4",14:00,27,"1,9","10,6",15:10,"1012,2",10,"1007,1",00,53,78,00:00,38,14:50
2014-11-16,6156X,"MÁLAGA, CENTRO METEOROLÓGICO",MALAGA,54,"15,8","0,0","11,9",01:40,"19,6",14:50,31,"2,5","11,7",19:10,"1012,7",09,"1008,7",18,58,82,01:40,44,15:20
2014-11-17,6156X,"MÁLAGA, CENTRO METEOROLÓGICO",MALAGA,54,"16,4","0,0","12,8",23:50,"20,1",12:50,27,"3,6","10,8",13:10,"1008,8",00,"1004,6",15,53,69,23:00,44,Varias
2014-11-18,6156X,"MÁLAGA, CENTRO METEOROLÓGICO",MALAGA,54,"13,8","0,0","8,3",06:40,"19,4",14:10,13,"1,7","5,6",12:40,"1010,1",23,"1006,9",14,77,91,19:40,55,14:20
2014-11-19,6156X,"MÁLAGA, CENTRO METEOROLÓGICO",MALAGA,54,"15,0","0,0","10,4",05:20,"19,7",13:20,14,"1,4","6,4",11:30,"1012,0",21,"1008,7",14,79,90,22:10,58,10:20
2014-11-20,6156X,"MÁLAGA, CENTRO METEOROLÓGICO",MALAGA,54,"15,5","0,0","10,4",06:00,"20,6",12:00,09,"1,1","7,2",12:00,"1011,6",00,"1007,8",16,80,94,Varias,61,11:50
2014-11-21,6156X,"MÁLAGA, CENTRO METEOROLÓGICO",MALAGA,54,"17,8","0,0","14,2",03:00,"21,3",12:40,14,"1,9","7,2",13:50,"1009,9",22,"1007,3",14,72,90,Varias,61,Varias
2014-11-22,6156X,"MÁLAGA, CENTRO METEOROLÓGICO",MALAGA,54,"19,9","0,0","15,4",07:00,"24,4",17:00,99,"4,7","21,4",20:40,"1008,6",00,"1000,5",19,54,80,00:00,35,16:50
2014-11-23,6156X,"MÁLAGA, CENTRO METEOROLÓGICO",MALAGA,54,"19,8","2,9","16,4",23:59,"23,1",12:00,09,"3,9","17,5",01:10,"1006,2",Varias,"1002,6",06,57,87,Varias,47,Varias
2014-11-24,6156X,"MÁLAGA, CENTRO METEOROLÓGICO",MALAGA,54,"19,7","0,0","15,7",08:00,"23,7",13:30,04,"1,7","9,4",03:50,"1011,5",22,"1006,0",04,73,97,03:40,53,12:30
2014-11-25,6156X,"MÁLAGA, CENTRO METEOROLÓGICO",MALAGA,54,"19,4","0,0","16,1",03:50,"22,7",14:00,27,"2,5","8,9",11:50,"1012,8",10,"1010,5",Varias,65,82,03:40,53,14:40
2014-11-26,6156X,"MÁLAGA, CENTRO METEOROLÓGICO",MALAGA,54,"17,9","19,8","14,2",06:50,"21,6",12:20,99,"1,7","7,5",23:50,"1011,6",00,"1002,5",24,68,81,Varias,53,13:10
2014-11-27,6156X,"MÁLAGA, CENTRO METEOROLÓGICO",MALAGA,54,"15,8","37,8","13,6",21:40,"18,0",13:50,13,"3,6","11,7",06:10,"1002,6",00,"988,8",24,86,98,06:10,61,15:00
2014-11-28,6156X,"MÁLAGA, CENTRO METEOROLÓGICO",MALAGA,54,"14,5","3,4","11,9",23:50,"17,1",15:30,13,"3,1","17,8",05:10,"988,8",00,"980,1",06,85,97,Varias,68,17:30
2014-11-29,6156X,"MÁLAGA, CENTRO METEOROLÓGICO",MALAGA,54,"13,5","4,6","10,4",06:30,"16,6",13:50,27,"1,9","6,1",09:00,"992,7",24,"984,4",03,84,94,Varias,70,12:50
2014-11-30,6156X,"MÁLAGA, CENTRO METEOROLÓGICO",MALAGA,54,"15,8","0,1","12,0",07:40,"19,6",14:40,31,"3,1","8,6",11:40,"998,9",23,"992,7",Varias,64,91,00:00,45,14:50
2014-12-01,6156X,"MÁLAGA, CENTRO METEOROLÓGICO",MALAGA,54,"17,0","0,0","13,7",04:20,"20,4",13:10,32,"3,1","10,3",23:10,"1000,6",11,"997,7",03,63,73,Varias,55,15:30
2014-12-02,6156X,"MÁLAGA, CENTRO METEOROLÓGICO",MALAGA,54,"16,3","0,0","12,5",06:50,"20,1",14:20,27,"3,9","10,8",07:00,"1006,5",21,"999,7",01,54,74,06:40,38,13:40
2014-12-03,6156X,"MÁLAGA, CENTRO METEOROLÓGICO",MALAGA,54,"13,1","0,1","10,3",23:59,"15,9",13:40,27,"1,1","5,3",08:40,"1006,1",00,"1002,6",15,78,93,22:10,60,00:00
2014-12-04,6156X,"MÁLAGA, CENTRO METEOROLÓGICO",MALAGA,54,"14,0","0,0","9,4",01:00,"18,7",13:00,99,"1,9","6,1",Varias,"1013,3",23,"1004,8",01,57,94,01:00,40,Varias
2014-12-05,6156X,"MÁLAGA, CENTRO METEOROLÓGICO",MALAGA,54,"13,4","0,0","8,2",07:40,"18,7",13:40,31,"1,9","7,8",13:10,"1019,3",23,"1013,1",00,55,86,Varias,35,12:40
2014-12-06,6156X,"MÁLAGA, CENTRO METEOROLÓGICO",MALAGA,54,"13,4","0,0","8,2",03:20,"18,5",14:00,27,"1,9","9,7",12:50,"1020,1",Varias,"1016,7",Varias,53,86,03:20,32,14:00
2014-12-07,6156X,"MÁLAGA, CENTRO METEOROLÓGICO",MALAGA,54,"12,8","0,0","8,5",23:59,"17,2",14:50,32,"2,5","10,0",10:20,"1023,2",22,"1019,5",00,48,68,06:10,35,13:00
2014-12-08,6156X,"MÁLAGA, CENTRO METEOROLÓGICO",MALAGA,54,"12,0","0,0","4,8",07:00,"19,1",14:40,27,"2,2","10,3",23:59,"1024,3",10,"1020,3",16,52,71,07:10,37,15:00
2014-12-09,6156X,"MÁLAGA, CENTRO METEOROLÓGICO",MALAGA,54,"12,8","0,0","9,8",06:30,"15,9",14:50,27,"4,2","11,4",10:50,"1024,0",10,"1021,4",Varias,55,64,06:20,46,22:00
2014-12-10,6156X,"MÁLAGA, CENTRO METEOROLÓGICO",MALAGA,54,"13,8","0,0","9,0",23:30,"18,6",13:20,27,"1,7","7,2",00:20,"1027,7",10,"1023,1",01,56,83,23:20,47,Varias
2014-12-11,6156X,"MÁLAGA, CENTRO METEOROLÓGICO",MALAGA,54,"11,9","0,0","5,7",05:50,"18,1",13:30,32,"0,8","3,9",07:40,"1025,3",10,"1021,2",15,70,88,Varias,55,11:50
2014-12-12,6156X,"MÁLAGA, CENTRO METEOROLÓGICO",MALAGA,54,"12,4","0,0","5,7",07:40,"19,0",13:20,31,"1,7","4,4",03:20,"1021,9",00,"1013,8",24,69,91,Varias,46,13:00
2014-12-13,6156X,"MÁLAGA, CENTRO METEOROLÓGICO",MALAGA,54,"14,0","0,9","10,3",00:10,"17,6",14:30,13,"2,5","10,8",15:20,"1013,8",00,"1006,6",21,85,94,11:40,74,01:40
2014-12-14,6156X,"MÁLAGA, CENTRO METEOROLÓGICO",MALAGA,54,"12,4","0,1","10,5",23:59,"14,2",11:50,09,"0,8","6,7",11:40,"1009,9",Varias,"1006,6",12,86,98,Varias,75,10:30
2014-12-15,6156X,"MÁLAGA, CENTRO METEOROLÓGICO",MALAGA,54,"12,7","0,1","8,9",03:40,"16,5",13:40,36,"3,3","10,6",14:50,"1015,4",23,"1009,4",04,66,98,Varias,52,16:00
2014-12-16,6156X,"MÁLAGA, CENTRO METEOROLÓGICO",MALAGA,54,"12,2","0,0","9,6",05:00,"14,7",13:50,27,"3,1","13,9",19:00,"1016,9",23,"1013,9",14,72,82,05:10,62,Varias
2014-12-17,6156X,"MÁLAGA, CENTRO METEOROLÓGICO",MALAGA,54,"15,8","0,0","10,9",05:40,"20,7",13:50,27,"3,6","9,7",09:50,"1020,6",24,"1016,2",Varias,54,76,05:20,37,13:50
2014-12-18,6156X,"MÁLAGA, CENTRO METEOROLÓGICO",MALAGA,54,"16,6","0,0","11,2",06:40,"22,0",12:30,31,"2,2","7,5",04:20,"1023,5",23,"1019,0",14,63,85,20:50,43,12:20
2014-12-19,6156X,"MÁLAGA, CENTRO METEOROLÓGICO",MALAGA,54,"14,8","0,0","8,0",04:10,"21,5",14:00,31,"1,9","3,9",00:10,"1026,0",10,"1022,1",16,70,91,04:10,45,13:30
2014-12-20,6156X,"MÁLAGA, CENTRO METEOROLÓGICO",MALAGA,54,"13,6","0,0","7,6",07:50,"19,6",12:20,14,"2,2","4,7",16:20,"1026,4",23,"1023,4",15,78,95,23:00,53,11:50
2014-12-21,6156X,"MÁLAGA, CENTRO METEOROLÓGICO",MALAGA,54,"14,9","0,0","12,6",01:00,"17,2",14:30,09,"2,2","8,3",21:20,"1027,4",Varias,"1024,4",15,78,94,Varias,62,21:50
2014-12-22,6156X,"MÁLAGA, CENTRO METEOROLÓGICO",MALAGA,54,"15,7","0,0","14,4",03:40,"17,0",15:20,09,"4,4","10,6",12:20,"1026,3",10,"1023,5",15,67,76,Varias,61,12:40
2014-12-23,6156X,"MÁLAGA, CENTRO METEOROLÓGICO",MALAGA,54,"14,0","0,0","10,1",23:00,"17,9",15:00,09,"0,8","6,7",00:40,"1025,3",10,"1022,1",14,75,93,23:10,61,14:50
2014-12-24,6156X,"MÁLAGA, CENTRO METEOROLÓGICO",MALAGA,54,"14,0","0,0","8,7",07:20,"19,3",14:20,27,"1,7","5,8",11:40,"1024,9",10,"1021,6",15,80,94,02:30,58,14:30
2014-12-25,6156X,"MÁLAGA, CENTRO METEOROLÓGICO",MALAGA,54,"13,4","0,0","7,9",08:00,"19,0",13:00,18,"1,7","5,0",13:00,"1026,5",10,"1023,8",15,73,91,Varias,50,12:40
2014-12-26,6156X,"MÁLAGA, CENTRO METEOROLÓGICO",MALAGA,54,"12,8","0,0","5,5",07:50,"20,1",14:30,27,"1,9","6,7",14:40,"1026,5",10,"1023,1",14,69,90,03:10,34,15:00
2014-12-27,6156X,"MÁLAGA, CENTRO METEOROLÓGICO",MALAGA,54,"12,4","0,0","7,2",04:00,"17,5",15:00,31,"3,9","12,2",13:10,"1024,3",00,"1017,0",24,58,79,03:50,47,15:40
2014-12-28,6156X,"MÁLAGA, CENTRO METEOROLÓGICO",MALAGA,54,"13,8","0,0","10,6",08:00,"16,9",13:30,36,"2,5","10,8",12:10,"1018,1",10,"1014,9",14,63,71,22:10,53,13:10
2014-12-29,6156X,"MÁLAGA, CENTRO METEOROLÓGICO",MALAGA,54,"12,1","0,0","8,4",08:00,"15,8",14:20,27,"3,3","9,7",10:00,"1028,4",Varias,"1015,1",00,43,70,00:30,35,Varias
2014-12-30,6156X,"MÁLAGA, CENTRO METEOROLÓGICO",MALAGA,54,"8,9","0,0","3,1",06:30,"14,7",11:40,13,"2,5","7,5",15:10,"1029,4",23,"1026,4",14,55,76,06:30,37,13:30
2014-12-31,6156X,"MÁLAGA, CENTRO METEOROLÓGICO",MALAGA,54,"10,8","0,0","3,4",06:10,"18,2",14:50,27,"2,2","8,3",23:50,"1029,2",00,"1023,4",16,52,82,06:20,30,14:50
