fecha,indicativo,nombre,provincia,altitud,tmed,prec,tmin,horatmin,tmax,horatmax,dir,velmedia,racha,horaracha,sol,presMax,horaPresMax,presMin,horaPresMin,hrMedia,hrMax,horaHrMax,hrMin,horaHrMin
2017-01-01,C430E,IZAÑA,SANTA CRUZ DE TENERIFE,2369,"8,1","0,0","4,5",23:00,"11,7",13:10,21,"6,1","15,8",12:10,"9,8","770,7",00,"767,2",24,43,54,10:50,27,23:59
2017-01-02,C430E,IZAÑA,SANTA CRUZ DE TENERIFE,2369,"5,4","0,0","2,8",22:11,"8,1",12:11,24,"14,4","23,9",19:30,"10,0","767,4",00,"763,7",14,38,71,19:40,19,08:40
2017-01-03,C430E,IZAÑA,SANTA CRUZ DE TENERIFE,2369,"6,4","0,0","2,9",04:40,"9,8",15:10,19,"12,5","24,7",03:20,"9,8","771,5",23,"765,2",04,38,66,15:30,14,19:40
2017-01-04,C430E,IZAÑA,SANTA CRUZ DE TENERIFE,2369,"7,3","0,0","3,6",05:20,"11,0",13:40,99,"5,6","13,6",Varias,"9,9","773,0",11,"770,4",Varias,36,57,15:30,12,01:20
2017-01-05,C430E,IZAÑA,SANTA CRUZ DE TENERIFE,2369,"3,2","2,0","0,8",14:00,"5,6",16:20,23,"8,9","16,7",15:40,"1,5","771,4",00,"766,7",16,66,97,14:40,36,02:10
2017-01-06,C430E,IZAÑA,SANTA CRUZ DE TENERIFE,2369,"4,6","0,0","1,0",19:20,"8,1",12:30,18,"13,9","24,4",11:20,"9,6","767,7",00,"764,8",16,38,73,02:00,8,21:50
2017-01-07,C430E,IZAÑA,SANTA CRUZ DE TENERIFE,2369,"3,4","0,0","0,0",03:10,"6,7",14:50,19,"13,3","25,3",00:30,"9,1","768,3",20,"764,6",05,16,45,23:59,4,20:10
2017-01-08,C430E,IZAÑA,SANTA CRUZ DE TENERIFE,2369,"3,6","0,0","-0,5",03:50,"7,6",14:30,18,"13,3","21,4",23:59,"8,5","770,5",23,"766,7",04,28,56,Varias,14,15:00
2017-01-09,C430E,IZAÑA,SANTA CRUZ DE TENERIFE,2369,"7,0","0,0","2,7",01:20,"11,3",12:52,18,"5,3","23,3",00:30,"9,6","774,8",Varias,"769,3",03,25,49,14:00,21,12:20
2017-01-10,C430E,IZAÑA,SANTA CRUZ DE TENERIFE,2369,"7,8","0,0","4,3",06:50,"11,3",13:10,32,"6,1","12,8",07:00,"10,0","775,2",11,"772,9",16,23,36,04:50,4,23:28
2017-01-11,C430E,IZAÑA,SANTA CRUZ DE TENERIFE,2369,"7,8","0,0","4,2",02:30,"11,3",12:10,36,"6,4","12,2",05:40,"9,3","773,6",00,"770,7",16,10,42,23:40,3,Varias
2017-01-12,C430E,IZAÑA,SANTA CRUZ DE TENERIFE,2369,"8,0","0,0","1,4",23:59,"14,7",14:54,18,"4,4","23,9",23:40,"8,7","771,5",11,"769,6",Varias,25,100,Varias,13,07:50
2017-01-13,C430E,IZAÑA,SANTA CRUZ DE TENERIFE,2369,"4,5","0,0","0,7",03:10,"8,3",14:20,18,"13,3","25,0",01:50,"7,1","772,3",Varias,"769,2",02,29,100,00:00,13,21:50
2017-01-14,C430E,IZAÑA,SANTA CRUZ DE TENERIFE,2369,"5,1","0,0","1,6",20:10,"8,6",15:30,11,"6,4","10,3",04:20,"9,8","771,8",00,"768,3",Varias,31,96,20:00,14,00:00
2017-01-15,C430E,IZAÑA,SANTA CRUZ DE TENERIFE,2369,"6,0","0,0","2,3",07:00,"9,6",11:30,36,"5,3","10,8",Varias,"9,9","768,7",Varias,"766,9",15,22,41,06:50,4,18:50
2017-01-16,C430E,IZAÑA,SANTA CRUZ DE TENERIFE,2369,"4,2","0,0","0,5",07:40,"8,0",15:10,17,"7,5","12,8",13:10,"10,1","768,8",Varias,"767,0",Varias,21,96,07:30,6,06:30
2017-01-17,C430E,IZAÑA,SANTA CRUZ DE TENERIFE,2369,"2,8","0,0","-0,8",03:30,"6,5",13:30,18,"2,8","9,2",02:10,"9,6","769,3",Varias,"766,7",16,19,63,16:45,5,22:40
2017-01-18,C430E,IZAÑA,SANTA CRUZ DE TENERIFE,2369,"4,2","0,0","0,8",23:20,"7,6",15:15,35,"8,3","14,2",20:50,"10,1","767,0",11,"764,9",16,11,58,16:00,4,Varias
2017-01-19,C430E,IZAÑA,SANTA CRUZ DE TENERIFE,2369,"2,2","0,0","-1,3",04:30,"5,6",16:56,31,"10,8","17,2",06:50,"10,0","768,1",23,"765,0",06,44,83,04:50,18,16:50
2017-01-20,C430E,IZAÑA,SANTA CRUZ DE TENERIFE,2369,"1,4","2,3","-1,2",07:55,"3,9",13:30,33,"12,2","20,0",17:40,"7,9","768,8",Varias,"766,3",Varias,79,100,Varias,28,00:00
2017-01-21,C430E,IZAÑA,SANTA CRUZ DE TENERIFE,2369,"0,0","2,1","-2,5",06:30,"2,4",13:20,33,"14,2","21,1",23:25,"6,2","769,0",11,"766,1",05,84,100,Varias,49,10:50
2017-01-22,C430E,IZAÑA,SANTA CRUZ DE TENERIFE,2369,"0,8","0,0","-1,2",10:20,"2,9",15:20,34,"12,2","24,4",21:40,"9,2","771,5",24,"767,2",03,87,100,Varias,71,15:30
2017-01-23,C430E,IZAÑA,SANTA CRUZ DE TENERIFE,2369,"2,8","0,0","-0,4",01:50,"6,1",15:20,34,"10,8","19,4",01:53,"9,4","773,4",Varias,"770,3",Varias,93,100,Varias,40,21:00
2017-01-24,C430E,IZAÑA,SANTA CRUZ DE TENERIFE,2369,"4,6","0,0","1,4",00:01,"7,9",13:52,36,"5,6","11,1",01:10,"10,2","774,2",11,"771,2",17,34,55,00:00,8,23:40
2017-01-25,C430E,IZAÑA,SANTA CRUZ DE TENERIFE,2369,"6,8","0,0","3,3",04:30,"10,2",12:40,30,"5,3","13,1",19:20,"9,4","771,3",00,"768,2",19,13,26,13:04,7,Varias
2017-01-26,C430E,IZAÑA,SANTA CRUZ DE TENERIFE,2369,"5,4","0,0","2,7",07:00,"8,0",12:30,30,"13,3","21,4",17:50,"9,5","769,5",23,"766,9",Varias,53,97,09:20,6,Varias
2017-01-27,C430E,IZAÑA,SANTA CRUZ DE TENERIFE,2369,"8,0","0,0","4,3",04:20,"11,8",14:30,30,"6,9","17,8",01:10,"10,4","772,9",Varias,"768,9",Varias,7,31,21:10,2,01:20
2017-01-28,C430E,IZAÑA,SANTA CRUZ DE TENERIFE,2369,"9,8","0,0","6,2",23:00,"13,4",13:50,99,"2,5","5,3",Varias,"10,5","773,7",11,"771,6",Varias,24,29,06:00,3,22:40
2017-01-29,C430E,IZAÑA,SANTA CRUZ DE TENERIFE,2369,"8,6","0,0","4,9",03:50,"12,3",12:30,18,"1,1","8,3",13:50,"10,5","772,7",11,"770,6",16,13,30,13:30,2,06:50
2017-01-30,C430E,IZAÑA,SANTA CRUZ DE TENERIFE,2369,"7,9",Ip,"3,5",20:20,"12,3",13:10,31,"2,8","14,4",20:00,"10,5","772,6",11,"769,8",20,21,61,23:59,3,Varias
2017-01-31,C430E,IZAÑA,SANTA CRUZ DE TENERIFE,2369,"2,0","4,2","-1,3",20:56,"5,2",00:20,32,"14,7","26,7",08:20,"6,8","770,2",00,"766,0",07,74,100,Varias,16,19:50
2017-02-01,C430E,IZAÑA,SANTA CRUZ DE TENERIFE,2369,"2,4","0,1","-0,9",01:50,"5,8",15:58,99,"11,9","21,1",Varias,"7,4","771,2",Varias,"767,0",05,77,100,Varias,21,00:20
2017-02-02,C430E,IZAÑA,SANTA CRUZ DE TENERIFE,2369,"6,0","0,0","1,1",07:50,"11,0",13:10,32,"6,4","12,8",00:00,"10,5","774,3",22,"770,6",04,47,100,Varias,13,22:30
2017-02-03,C430E,IZAÑA,SANTA CRUZ DE TENERIFE,2369,"8,9","0,0","4,3",01:30,"13,5",14:20,36,"2,5","8,9",04:30,"10,7","775,8",Varias,"773,1",05,5,63,00:00,1,Varias
2017-02-04,C430E,IZAÑA,SANTA CRUZ DE TENERIFE,2369,"10,2","0,0","6,7",23:40,"13,8",14:30,18,"3,3","7,2",12:10,"10,7","777,0",11,"774,5",04,,24,13:39,1,Varias
2017-02-05,C430E,IZAÑA,SANTA CRUZ DE TENERIFE,2369,"6,9","0,0","4,1",01:20,"9,7",13:10,11,"6,7","12,8",12:20,"10,7","777,5",11,"775,0",05,17,38,15:39,1,Varias
2017-02-06,C430E,IZAÑA,SANTA CRUZ DE TENERIFE,2369,"9,0","0,0","5,1",00:40,"12,8",16:30,10,"4,4","10,3",13:20,"10,7","777,2",11,"774,8",16,15,54,02:00,7,14:10
2017-02-07,C430E,IZAÑA,SANTA CRUZ DE TENERIFE,2369,"10,0","0,0","6,3",20:50,"13,7",11:30,36,"3,6","9,7",11:40,"10,7","776,2",11,"773,9",16,20,42,15:20,10,02:20
2017-02-08,C430E,IZAÑA,SANTA CRUZ DE TENERIFE,2369,"7,9","0,0","4,1",23:40,"11,7",11:30,31,"3,3","8,1",Varias,"10,7","774,7",00,"770,9",18,29,50,18:50,10,10:00
2017-02-09,C430E,IZAÑA,SANTA CRUZ DE TENERIFE,2369,"2,8","8,0","-0,2",23:30,"5,9",10:20,33,"8,6","20,3",23:00,"10,4","771,4",00,"768,1",17,38,92,16:30,15,Varias
2017-02-10,C430E,IZAÑA,SANTA CRUZ DE TENERIFE,2369,"0,6","5,0","-1,8",20:40,"2,9",03:00,32,"14,2","22,8",23:50,"8,5","768,7",00,"760,5",24,91,100,Varias,70,18:20
2017-02-11,C430E,IZAÑA,SANTA CRUZ DE TENERIFE,2369,"1,2","5,2","-0,9",00:10,"3,4",12:00,30,"14,7","28,9",02:00,"0,0","760,7",01,"755,4",24,100,100,Varias,100,Varias
2017-02-12,C430E,IZAÑA,SANTA CRUZ DE TENERIFE,2369,"-0,4","4,2","-4,7",22:50,"4,0",09:00,32,"21,9","39,2",10:30,"2,7","759,1",24,"747,3",07,98,100,Varias,64,08:30
2017-02-13,C430E,IZAÑA,SANTA CRUZ DE TENERIFE,2369,"0,1","0,0","-3,8",00:00,"4,0",11:10,29,"4,7","13,3",02:10,"8,0","764,9",24,"758,9",04,65,100,13:30,24,09:20
2017-02-14,C430E,IZAÑA,SANTA CRUZ DE TENERIFE,2369,"4,6","0,0","1,4",Varias,"7,9",13:40,30,"4,7","14,4",02:00,"9,0","767,5",23,"763,8",05,68,96,18:00,24,09:00
2017-02-15,C430E,IZAÑA,SANTA CRUZ DE TENERIFE,2369,"3,6","3,4","1,0",21:50,"6,1",10:40,27,"5,8","16,7",10:20,"2,9","767,5",Varias,"765,2",17,90,100,Varias,27,00:50
2017-02-16,C430E,IZAÑA,SANTA CRUZ DE TENERIFE,2369,"5,3","0,0","1,5",00:57,"9,1",15:30,18,"5,0","15,6",22:30,"10,8","770,7",23,"767,1",05,49,92,22:00,22,19:00
2017-02-17,C430E,IZAÑA,SANTA CRUZ DE TENERIFE,2369,"6,3","0,0","3,1",04:20,"9,5",12:59,13,"10,0","19,2",06:00,"10,7","773,0",23,"769,5",06,51,82,02:30,42,13:00
2017-02-18,C430E,IZAÑA,SANTA CRUZ DE TENERIFE,2369,"4,8","0,0","1,7",19:10,"7,9",13:40,35,"9,4","15,8",22:10,"10,8","772,8",00,"770,1",19,48,69,18:40,8,19:50
2017-02-19,C430E,IZAÑA,SANTA CRUZ DE TENERIFE,2369,"5,0","0,3","-0,2",23:59,"10,2",14:30,99,"8,3","16,7",Varias,"10,9","771,3",00,"766,9",24,32,90,19:00,17,11:30
2017-02-20,C430E,IZAÑA,SANTA CRUZ DE TENERIFE,2369,"0,8","1,5","-1,5",05:40,"3,1",15:30,33,"10,3","28,6",22:40,"9,0","766,9",00,"763,3",24,89,100,Varias,28,09:10
2017-02-21,C430E,IZAÑA,SANTA CRUZ DE TENERIFE,2369,"-0,6","4,8","-2,8",07:40,"1,7",15:50,33,"14,4","28,9",00:50,"0,6","764,9",10,"761,7",07,100,100,Varias,100,Varias
2017-02-22,C430E,IZAÑA,SANTA CRUZ DE TENERIFE,2369,"2,1","0,0","-1,3",06:20,"5,5",15:10,35,"9,4","21,1",02:00,"9,6","766,7",22,"763,7",05,94,100,Varias,67,14:59
2017-02-23,C430E,IZAÑA,SANTA CRUZ DE TENERIFE,2369,"2,6","0,0","-1,3",21:50,"6,5",13:30,34,"5,0","13,9",00:31,"8,9","767,7",11,"765,4",06,79,100,Varias,48,23:40
2017-02-24,C430E,IZAÑA,SANTA CRUZ DE TENERIFE,2369,"2,4","0,0","-1,6",07:00,"6,3",13:40,36,"4,2","10,0",07:11,"10,6","769,7",23,"766,5",05,70,100,07:10,38,17:40
2017-02-25,C430E,IZAÑA,SANTA CRUZ DE TENERIFE,2369,"4,3","0,0","0,0",01:10,"8,6",14:30,35,"5,0","11,7",17:20,"11,0","771,2",23,"768,4",04,25,63,16:30,12,07:10
2017-02-26,C430E,IZAÑA,SANTA CRUZ DE TENERIFE,2369,"7,9","0,0","3,7",03:02,"12,1",14:56,10,"3,6","7,8",09:10,"11,3","771,3",11,"769,4",17,20,28,Varias,1,20:10
2017-02-27,C430E,IZAÑA,SANTA CRUZ DE TENERIFE,2369,"8,6","0,0","4,5",05:10,"12,7",15:20,07,"2,5","5,8",01:40,"11,3","770,5",Varias,"768,6",Varias,12,26,16:10,2,00:50
2017-02-28,C430E,IZAÑA,SANTA CRUZ DE TENERIFE,2369,"9,7","0,0","4,9",Varias,"14,5",13:20,19,"3,1","8,3",13:40,"10,8","769,5",12,"767,4",Varias,17,27,12:10,4,05:30
2017-03-01,C430E,IZAÑA,SANTA CRUZ DE TENERIFE,2369,"9,3","0,0","5,9",03:50,"12,7",11:20,19,"11,4","23,9",10:00,"11,2","769,1",23,"766,4",05,23,39,Varias,4,Varias
2017-03-02,C430E,IZAÑA,SANTA CRUZ DE TENERIFE,2369,"9,6","0,0","4,7",22:20,"14,5",15:40,18,"7,2","16,7",Varias,"11,3","768,7",00,"766,6",17,33,47,04:50,10,23:50
2017-03-03,C430E,IZAÑA,SANTA CRUZ DE TENERIFE,2369,"3,4","0,0","-0,8",06:52,"7,6",16:50,34,"9,7","21,4",07:10,"11,4","770,1",23,"766,0",05,48,80,11:50,9,01:20
2017-03-04,C430E,IZAÑA,SANTA CRUZ DE TENERIFE,2369,"5,4","0,0","0,2",00:55,"10,6",14:10,32,"10,3","19,4",08:40,"11,5","771,5",23,"767,0",06,43,73,19:50,20,00:00
2017-03-05,C430E,IZAÑA,SANTA CRUZ DE TENERIFE,2369,"9,2","0,0","5,0",23:50,"13,4",14:10,01,"7,5","13,9",00:10,"10,0","773,5",22,"770,5",04,39,59,23:50,16,10:50
2017-03-06,C430E,IZAÑA,SANTA CRUZ DE TENERIFE,2369,"9,5","0,0","5,0",Varias,"14,0",16:50,12,"7,5","17,8",04:40,"7,8","775,2",Varias,"771,5",05,32,60,01:10,19,18:10
2017-03-07,C430E,IZAÑA,SANTA CRUZ DE TENERIFE,2369,"10,9","0,0","7,5",06:55,"14,3",13:30,17,"8,1","17,2",03:50,"10,5","774,7",00,"772,5",17,34,40,Varias,25,23:59
2017-03-08,C430E,IZAÑA,SANTA CRUZ DE TENERIFE,2369,"12,4","0,0","8,4",06:00,"16,3",13:30,14,"6,1","15,8",23:50,"11,3","774,3",11,"772,0",Varias,21,29,22:50,18,12:10
2017-03-09,C430E,IZAÑA,SANTA CRUZ DE TENERIFE,2369,"11,6","0,0","8,2",05:20,"15,1",12:30,17,"10,3","18,6",12:40,"11,5","772,7",12,"770,7",05,28,34,Varias,23,13:20
2017-03-10,C430E,IZAÑA,SANTA CRUZ DE TENERIFE,2369,"12,0","0,0","8,8",07:54,"15,1",13:30,17,"9,4","16,7",00:00,"11,0","773,2",23,"770,7",05,26,33,08:00,22,Varias
2017-03-11,C430E,IZAÑA,SANTA CRUZ DE TENERIFE,2369,"10,7","0,0","7,0",23:59,"14,4",12:55,17,"9,2","17,2",09:50,"11,2","772,6",00,"770,7",05,26,39,23:59,20,Varias
2017-03-12,C430E,IZAÑA,SANTA CRUZ DE TENERIFE,2369,"8,8","0,0","6,3",07:01,"11,4",13:30,10,"8,6","16,7",14:20,"11,5","773,3",11,"770,9",05,36,44,04:50,24,20:40
2017-03-13,C430E,IZAÑA,SANTA CRUZ DE TENERIFE,2369,"7,2","0,0","3,2",23:40,"11,1",14:40,07,"9,2","16,1",05:00,"11,9","773,0",00,"770,4",20,24,51,23:50,3,03:50
2017-03-14,C430E,IZAÑA,SANTA CRUZ DE TENERIFE,2369,"7,6","0,0","2,7",03:20,"12,6",12:50,35,"8,6","14,7",02:10,"11,9","770,5",00,"766,0",19,12,50,01:10,3,Varias
2017-03-15,C430E,IZAÑA,SANTA CRUZ DE TENERIFE,2369,"3,4","0,0","-1,5",22:20,"8,3",15:20,31,"11,7","18,3",18:30,"11,9","766,4",22,"763,7",05,34,100,23:00,6,06:50
2017-03-16,C430E,IZAÑA,SANTA CRUZ DE TENERIFE,2369,"1,4","3,8","-2,1",01:51,"4,8",09:10,33,"9,4","17,2",20:30,"7,7","766,0",01,"762,4",18,65,100,Varias,31,08:30
2017-03-17,C430E,IZAÑA,SANTA CRUZ DE TENERIFE,2369,"-0,3","2,6","-2,2",06:30,"1,6",15:40,32,"13,6","21,1",19:40,"2,1","763,5",10,"761,2",18,100,100,Varias,100,Varias
2017-03-18,C430E,IZAÑA,SANTA CRUZ DE TENERIFE,2369,"-1,0","12,8","-3,4",04:00,"1,5",16:50,31,"5,6","14,4",00:00,"2,3","764,6",Varias,"761,6",05,100,100,Varias,100,Varias
2017-03-19,C430E,IZAÑA,SANTA CRUZ DE TENERIFE,2369,"0,2","1,2","-2,1",06:00,"2,6",15:50,01,"5,3","13,9",23:59,"6,0","768,6",24,"763,8",Varias,98,100,Varias,75,15:21
2017-03-20,C430E,IZAÑA,SANTA CRUZ DE TENERIFE,2369,"2,2","0,0","-1,8",06:10,"6,3",15:00,34,"6,7","15,0",05:00,"10,2","772,7",22,"767,6",04,79,100,Varias,8,23:20
2017-03-21,C430E,IZAÑA,SANTA CRUZ DE TENERIFE,2369,"7,6","0,0","3,9",00:29,"11,2",16:20,12,"3,6","8,9",02:40,"12,1","772,5",11,"771,3",Varias,14,35,13:10,2,06:10
2017-03-22,C430E,IZAÑA,SANTA CRUZ DE TENERIFE,2369,"8,4","0,0","3,5",23:50,"13,4",13:20,01,"2,8","9,2",21:20,"10,7","771,9",00,"768,7",17,10,37,16:40,1,20:00
2017-03-23,C430E,IZAÑA,SANTA CRUZ DE TENERIFE,2369,"3,4","0,0","0,5",22:10,"6,4",10:53,34,"9,2","18,1",19:20,"12,2","769,5",00,"766,2",16,42,99,15:10,8,05:40
2017-03-24,C430E,IZAÑA,SANTA CRUZ DE TENERIFE,2369,"5,2","0,0","0,6",06:30,"9,9",15:40,35,"5,6","16,7",05:34,"12,1","767,6",11,"765,4",Varias,25,46,12:40,3,Varias
2017-03-25,C430E,IZAÑA,SANTA CRUZ DE TENERIFE,2369,"2,6","0,0","-1,8",06:53,"6,9",16:30,30,"7,2","13,6",18:50,"12,0","765,9",22,"763,3",17,51,100,02:10,9,00:20
2017-03-26,C430E,IZAÑA,SANTA CRUZ DE TENERIFE,2369,"5,3","0,0","1,3",03:50,"9,3",15:10,30,"7,8","16,7",03:00,"10,2","768,3",Varias,"763,3",04,43,57,16:50,13,04:50
2017-03-27,C430E,IZAÑA,SANTA CRUZ DE TENERIFE,2369,"6,2","0,0","2,5",04:20,"9,9",15:50,30,"6,7","11,4",03:21,"12,2","772,4",23,"766,9",04,26,50,12:30,14,20:40
2017-03-28,C430E,IZAÑA,SANTA CRUZ DE TENERIFE,2369,"8,8","0,0","4,9",04:50,"12,8",13:30,33,"2,2","9,2",14:11,"12,3","773,3",22,"771,0",Varias,36,50,18:40,15,00:00
2017-03-29,C430E,IZAÑA,SANTA CRUZ DE TENERIFE,2369,"9,4","0,0","5,0",06:50,"13,8",14:51,10,"4,2","7,8",12:10,"11,8","773,0",00,"770,7",18,28,39,17:10,14,06:10
2017-03-30,C430E,IZAÑA,SANTA CRUZ DE TENERIFE,2369,"10,6","0,0","6,2",04:50,"15,1",14:40,17,"3,9","8,9",09:30,"12,0","774,1",22,"770,6",05,17,26,00:10,6,21:10
2017-03-31,C430E,IZAÑA,SANTA CRUZ DE TENERIFE,2369,"13,2","0,0","9,1",01:12,"17,3",14:20,18,"6,9","19,2",11:44,"12,2","774,6",22,"772,4",05,20,39,23:20,5,00:40
2017-04-01,C430E,IZAÑA,SANTA CRUZ DE TENERIFE,2369,"15,4","0,0","10,1",00:30,"20,8",13:40,17,"10,6","20,8",06:10,"12,1","774,2",00,"771,6",18,22,34,01:00,12,Varias
2017-04-02,C430E,IZAÑA,SANTA CRUZ DE TENERIFE,2369,"15,2","0,0","11,2",07:00,"19,3",12:50,18,"5,3","16,4",09:50,"12,1","771,8",00,"769,5",05,22,28,17:50,1,23:32
2017-04-03,C430E,IZAÑA,SANTA CRUZ DE TENERIFE,2369,"14,7","0,0","10,3",23:20,"19,1",Varias,36,"2,5","8,6",23:20,"12,4","772,1",22,"769,3",Varias,13,28,Varias,1,00:00
2017-04-04,C430E,IZAÑA,SANTA CRUZ DE TENERIFE,2369,"11,0","0,0","6,0",23:50,"16,0",14:10,36,"6,9","13,9",23:40,"12,4","771,9",11,"769,6",18,34,43,20:00,22,23:10
2017-04-05,C430E,IZAÑA,SANTA CRUZ DE TENERIFE,2369,"8,4","0,0","4,6",22:30,"12,2",13:30,32,"13,1","18,6",18:02,"12,0","770,1",00,"766,6",20,25,35,00:10,13,Varias
2017-04-06,C430E,IZAÑA,SANTA CRUZ DE TENERIFE,2369,"8,5","0,0","4,5",Varias,"12,5",13:21,31,"12,5","17,5",04:40,"12,6","767,1",00,"764,1",Varias,20,30,14:30,8,08:20
2017-04-07,C430E,IZAÑA,SANTA CRUZ DE TENERIFE,2369,"8,1","0,0","3,8",01:40,"12,4",14:20,33,"9,2","14,4",11:40,"12,6","765,6",23,"762,4",05,10,27,03:00,4,20:40
2017-04-08,C430E,IZAÑA,SANTA CRUZ DE TENERIFE,2369,"8,7","0,0","5,2",04:20,"12,2",10:20,17,"5,8","16,1",11:30,"12,6","766,5",22,"764,2",04,16,36,14:40,5,Varias
2017-04-09,C430E,IZAÑA,SANTA CRUZ DE TENERIFE,2369,"9,3","0,0","3,3",20:50,"15,3",12:50,29,"8,1","21,7",18:40,"12,6","766,6",Varias,"763,6",20,25,71,20:40,9,05:50
2017-04-10,C430E,IZAÑA,SANTA CRUZ DE TENERIFE,2369,"9,0","0,0","5,2",05:11,"12,8",11:30,28,"6,9","22,5",07:33,"11,5","769,8",Varias,"764,0",04,56,76,17:30,14,01:30
2017-04-11,C430E,IZAÑA,SANTA CRUZ DE TENERIFE,2369,"9,0","0,0","4,7",02:10,"13,2",14:40,31,"7,2","18,6",14:30,"11,5","772,0",23,"768,2",05,39,72,11:00,30,18:00
2017-04-12,C430E,IZAÑA,SANTA CRUZ DE TENERIFE,2369,"10,0","0,0","5,7",23:10,"14,2",13:20,29,"9,2","19,2",18:50,"12,4","772,0",22,"769,0",05,55,70,18:00,32,01:20
2017-04-13,C430E,IZAÑA,SANTA CRUZ DE TENERIFE,2369,"10,0","0,0","5,8",03:55,"14,1",13:32,31,"7,5","19,4",19:32,"12,7","772,2",11,"770,1",05,50,60,12:00,39,Varias
2017-04-14,C430E,IZAÑA,SANTA CRUZ DE TENERIFE,2369,"11,4","0,0","7,2",Varias,"15,6",15:33,31,"5,6","17,5",02:10,"11,5","773,1",11,"770,5",04,47,52,06:00,37,23:20
2017-04-15,C430E,IZAÑA,SANTA CRUZ DE TENERIFE,2369,"12,2","0,0","8,9",01:50,"15,5",10:57,29,"7,2","16,4",05:13,"10,1","772,9",00,"770,8",05,36,45,01:00,30,09:50
2017-04-16,C430E,IZAÑA,SANTA CRUZ DE TENERIFE,2369,"12,6","0,0","9,4",05:22,"15,9",12:56,16,"11,4","21,7",14:50,"9,4","772,0",00,"769,1",19,31,39,Varias,25,Varias
2017-04-17,C430E,IZAÑA,SANTA CRUZ DE TENERIFE,2369,"13,4","0,0","9,7",06:40,"17,2",14:10,17,"7,8","16,7",11:41,"12,5","769,8",00,"768,1",17,24,30,07:10,19,13:30
2017-04-18,C430E,IZAÑA,SANTA CRUZ DE TENERIFE,2369,"13,4","0,0","9,8",03:21,"16,9",18:00,17,"11,1","21,9",12:03,"12,7","768,5",00,"765,9",17,25,37,14:57,1,Varias
2017-04-19,C430E,IZAÑA,SANTA CRUZ DE TENERIFE,2369,"14,2","0,0","8,6",23:59,"19,7",13:50,20,"6,9","18,1",03:12,"13,0","766,1",00,"762,8",17,,33,14:25,1,Varias
2017-04-20,C430E,IZAÑA,SANTA CRUZ DE TENERIFE,2369,"9,8","0,0","5,2",23:34,"14,4",13:30,32,"14,7","21,1",14:10,"12,5","765,7",24,"761,8",04,14,75,15:45,1,Varias
2017-04-21,C430E,IZAÑA,SANTA CRUZ DE TENERIFE,2369,"8,4","0,0","4,7",22:20,"12,0",13:50,31,"15,0","23,6",01:10,"12,9","769,4",24,"763,9",05,27,60,22:30,10,01:10
2017-04-22,C430E,IZAÑA,SANTA CRUZ DE TENERIFE,2369,"7,8","0,0","3,9",21:40,"11,8",13:44,31,"8,9","13,3",13:50,"12,5","769,6",11,"767,6",03,54,75,23:30,32,00:50
2017-04-23,C430E,IZAÑA,SANTA CRUZ DE TENERIFE,2369,"6,3","0,0","2,3",06:50,"10,3",14:02,30,"11,1","15,8",14:20,"12,8","769,0",22,"767,1",18,72,97,07:10,54,15:30
2017-04-24,C430E,IZAÑA,SANTA CRUZ DE TENERIFE,2369,"8,2","0,0","2,8",00:40,"13,6",14:00,33,"3,3","10,3",02:33,"12,6","769,1",11,"767,0",05,53,100,04:40,22,11:00
2017-04-25,C430E,IZAÑA,SANTA CRUZ DE TENERIFE,2369,"9,8","0,0","5,9",02:40,"13,8",14:55,26,"2,5","15,0",23:59,"9,9","768,1",00,"766,1",Varias,51,81,20:10,28,07:50
2017-04-26,C430E,IZAÑA,SANTA CRUZ DE TENERIFE,2369,"10,0","0,4","6,0",22:24,"13,9",16:23,25,"5,0","22,8",03:40,"7,1","766,1",00,"763,6",04,81,100,21:50,48,04:50
2017-04-27,C430E,IZAÑA,SANTA CRUZ DE TENERIFE,2369,"7,6","0,4","4,4",22:22,"10,8",10:33,27,"9,2","20,6",03:50,"6,5","764,2",23,"761,3",05,75,98,20:40,41,04:00
2017-04-28,C430E,IZAÑA,SANTA CRUZ DE TENERIFE,2369,"7,3",Ip,"4,3",00:20,"10,3",13:11,26,"4,2","19,7",11:42,"5,1","765,3",Varias,"762,2",Varias,76,97,20:10,49,12:50
2017-04-29,C430E,IZAÑA,SANTA CRUZ DE TENERIFE,2369,"6,2","1,0","2,9",21:10,"9,5",12:10,27,"4,2","13,3",02:42,"5,3","768,6",24,"763,9",04,85,100,Varias,56,05:20
2017-04-30,C430E,IZAÑA,SANTA CRUZ DE TENERIFE,2369,"6,7","0,0","2,3",06:30,"11,1",14:31,32,"5,0","9,2",16:10,"13,2","770,7",23,"767,6",03,64,100,Varias,9,23:40
2017-05-01,C430E,IZAÑA,SANTA CRUZ DE TENERIFE,2369,"9,2","0,0","4,6",02:50,"13,8",13:20,36,"3,3","9,2",03:10,"13,1","770,5",00,"768,6",Varias,43,61,04:10,7,02:00
2017-05-02,C430E,IZAÑA,SANTA CRUZ DE TENERIFE,2369,"12,1","0,0","8,3",07:04,"15,9",15:42,34,"3,6","9,4",14:10,"11,4","768,7",00,"766,1",17,35,43,04:30,10,09:53
2017-05-03,C430E,IZAÑA,SANTA CRUZ DE TENERIFE,2369,"13,0","0,0","9,1",03:21,"16,8",12:40,36,"3,6","9,7",11:03,"13,1","766,4",00,"764,5",04,25,41,14:30,10,23:59
2017-05-04,C430E,IZAÑA,SANTA CRUZ DE TENERIFE,2369,"8,8","1,6","2,6",Varias,"14,9",10:40,99,"5,6","13,9",Varias,"8,6","765,8",00,"763,1",06,67,100,Varias,7,07:10
2017-05-05,C430E,IZAÑA,SANTA CRUZ DE TENERIFE,2369,"9,4","0,0","2,4",00:03,"16,3",15:30,26,"3,9","11,4",04:30,"13,3","768,6",24,"763,1",04,30,100,00:00,5,23:59
2017-05-06,C430E,IZAÑA,SANTA CRUZ DE TENERIFE,2369,"13,2","0,0","8,2",00:00,"18,1",14:00,19,"8,3","15,6",12:00,"10,3","768,6",00,"766,5",Varias,22,35,13:20,4,00:35
2017-05-07,C430E,IZAÑA,SANTA CRUZ DE TENERIFE,2369,"14,4","0,0","9,0",06:20,"19,7",14:22,27,"8,6","21,7",15:13,"13,4","770,0",22,"766,7",05,16,26,Varias,9,Varias
2017-05-08,C430E,IZAÑA,SANTA CRUZ DE TENERIFE,2369,"15,2","0,0","10,5",00:00,"19,8",14:01,28,"14,7","29,7",23:22,"12,6","770,4",10,"767,5",19,18,34,18:20,13,07:00
2017-05-09,C430E,IZAÑA,SANTA CRUZ DE TENERIFE,2369,"14,8","0,0","10,3",05:01,"19,3",14:10,27,"14,7","34,7",08:40,"12,0","768,5",00,"765,2",06,44,58,05:24,4,13:40
2017-05-10,C430E,IZAÑA,SANTA CRUZ DE TENERIFE,2369,"9,6","0,0","4,9",20:10,"14,2",03:12,29,"12,2","23,9",16:15,"10,8","766,0",00,"762,3",20,46,99,19:00,5,04:20
2017-05-11,C430E,IZAÑA,SANTA CRUZ DE TENERIFE,2369,"5,4","0,0","2,2",20:45,"8,7",12:40,32,"10,0","22,2",16:43,"5,5","765,9",23,"762,0",05,82,100,Varias,23,23:50
2017-05-12,C430E,IZAÑA,SANTA CRUZ DE TENERIFE,2369,"9,0","0,0","4,1",03:50,"13,8",14:11,30,"5,8","13,3",Varias,"11,5","769,8",24,"764,8",04,47,94,18:30,5,22:40
2017-05-13,C430E,IZAÑA,SANTA CRUZ DE TENERIFE,2369,"11,4","0,0","6,7",04:15,"16,1",15:13,31,"9,4","15,3",06:41,"13,1","773,8",24,"768,1",04,13,25,23:59,2,20:34
2017-05-14,C430E,IZAÑA,SANTA CRUZ DE TENERIFE,2369,"13,0","0,0","8,2",01:22,"17,7",11:56,36,"4,2","10,8",05:53,"13,1","775,3",23,"772,6",Varias,27,43,05:34,21,Varias
2017-05-15,C430E,IZAÑA,SANTA CRUZ DE TENERIFE,2369,"14,3","0,0","10,3",04:51,"18,3",Varias,11,"3,9","9,4",13:21,"12,9","775,7",22,"773,6",04,25,36,16:00,16,18:10
2017-05-16,C430E,IZAÑA,SANTA CRUZ DE TENERIFE,2369,"16,4","0,0","12,5",05:43,"20,2",13:30,36,"3,9","8,1",22:51,"12,7","775,3",00,"773,4",18,23,45,16:30,17,Varias
2017-05-17,C430E,IZAÑA,SANTA CRUZ DE TENERIFE,2369,"14,2","0,0","9,5",21:10,"19,0",13:30,36,"4,2","11,4",15:16,"13,3","774,2",00,"772,1",19,26,46,14:00,14,00:50
2017-05-18,C430E,IZAÑA,SANTA CRUZ DE TENERIFE,2369,"12,3","0,0","8,5",23:21,"16,1",13:12,09,"6,4","12,5",13:22,"13,5","772,7",00,"770,4",Varias,33,48,23:10,24,02:10
2017-05-19,C430E,IZAÑA,SANTA CRUZ DE TENERIFE,2369,"14,4","0,0","9,0",00:00,"19,8",15:57,10,"3,9","10,0",10:03,"13,4","770,4",00,"768,9",05,28,40,00:00,11,Varias
2017-05-20,C430E,IZAÑA,SANTA CRUZ DE TENERIFE,2369,"17,8","0,0","13,2",00:52,"22,3",12:40,24,"7,2","16,4",22:40,"13,3","770,1",11,"768,0",05,14,30,12:00,9,14:40
2017-05-21,C430E,IZAÑA,SANTA CRUZ DE TENERIFE,2369,"16,4","0,0","10,9",23:59,"22,0",11:00,25,"6,9","18,1",01:57,"13,4","770,7",12,"768,2",03,14,32,15:00,6,Varias
2017-05-22,C430E,IZAÑA,SANTA CRUZ DE TENERIFE,2369,"13,4","0,0","8,8",23:20,"17,9",11:20,31,"5,8","15,6",17:24,"13,7","770,6",10,"768,1",17,17,39,22:00,4,05:50
2017-05-23,C430E,IZAÑA,SANTA CRUZ DE TENERIFE,2369,"13,2","0,0","8,5",01:13,"17,9",13:01,31,"6,1","13,3",16:41,"13,2","769,7",23,"767,4",05,18,30,05:00,7,20:40
2017-05-24,C430E,IZAÑA,SANTA CRUZ DE TENERIFE,2369,"12,7","0,0","8,5",04:20,"16,9",14:20,32,"8,6","14,7",17:10,"13,7","770,8",Varias,"768,0",03,13,21,22:40,8,06:04
2017-05-25,C430E,IZAÑA,SANTA CRUZ DE TENERIFE,2369,"12,0","0,0","7,9",05:10,"16,0",12:59,31,"10,6","16,4",07:10,"13,7","771,0",22,"768,1",05,26,35,12:24,12,20:50
2017-05-26,C430E,IZAÑA,SANTA CRUZ DE TENERIFE,2369,"12,5","0,0","7,9",03:50,"17,1",14:37,31,"5,3","12,5",08:20,"13,7","770,8",00,"768,8",Varias,34,58,02:14,16,00:00
2017-05-27,C430E,IZAÑA,SANTA CRUZ DE TENERIFE,2369,"14,0","0,0","9,7",Varias,"18,3",14:45,31,"6,4","15,3",12:02,"13,6","771,0",23,"767,3",06,19,40,22:40,8,Varias
2017-05-28,C430E,IZAÑA,SANTA CRUZ DE TENERIFE,2369,"13,6","0,0","9,2",21:15,"18,1",13:10,31,"5,3","12,5",21:20,"13,7","773,7",23,"770,0",03,38,67,Varias,26,00:50
2017-05-29,C430E,IZAÑA,SANTA CRUZ DE TENERIFE,2369,"13,8","0,0","8,8",03:52,"18,9",12:42,31,"8,6","13,6",04:27,"13,8","773,8",11,"771,5",04,28,75,03:40,2,Varias
2017-05-30,C430E,IZAÑA,SANTA CRUZ DE TENERIFE,2369,"11,1","0,0","7,5",21:40,"14,7",13:25,33,"11,7","22,5",17:30,"13,8","772,9",00,"770,2",17,45,72,20:40,2,00:30
2017-05-31,C430E,IZAÑA,SANTA CRUZ DE TENERIFE,2369,"13,0","0,0","8,6",04:20,"17,5",13:57,36,"9,4","17,5",22:20,"13,8","772,0",Varias,"770,4",05,20,33,10:20,11,03:10
2017-06-01,C430E,IZAÑA,SANTA CRUZ DE TENERIFE,2369,"14,6","0,0","9,8",04:13,"19,4",13:04,35,"8,3","15,0",07:50,"13,8","772,8",23,"770,4",05,9,19,12:40,6,Varias
2017-06-02,C430E,IZAÑA,SANTA CRUZ DE TENERIFE,2369,"13,6","0,0","9,0",22:52,"18,3",12:57,36,"6,7","13,9",23:59,"13,8","773,7",12,"771,3",04,18,42,22:40,12,03:30
2017-06-03,C430E,IZAÑA,SANTA CRUZ DE TENERIFE,2369,"13,2","0,0","8,8",23:52,"17,6",13:20,36,"5,6","16,1",00:12,"13,8","774,1",23,"772,2",Varias,35,48,13:30,20,01:00
2017-06-04,C430E,IZAÑA,SANTA CRUZ DE TENERIFE,2369,"14,0","0,0","7,5",03:43,"20,4",14:10,32,"3,6","13,9",03:23,"13,9","774,2",Varias,"771,9",04,9,42,02:50,3,Varias
2017-06-05,C430E,IZAÑA,SANTA CRUZ DE TENERIFE,2369,"16,2","0,0","11,8",21:50,"20,7",12:20,36,"2,8","8,9",23:40,"13,9","774,0",00,"772,2",05,8,21,23:50,3,Varias
2017-06-06,C430E,IZAÑA,SANTA CRUZ DE TENERIFE,2369,"14,8","0,0","10,1",22:20,"19,4",14:14,06,"4,2","12,2",08:02,"13,3","773,1",00,"771,3",Varias,32,49,19:10,1,Varias
2017-06-07,C430E,IZAÑA,SANTA CRUZ DE TENERIFE,2369,"16,5","0,0","11,9",05:32,"21,1",12:40,31,"4,4","9,4",18:20,"12,7","772,5",11,"770,6",04,16,29,04:01,11,21:50
2017-06-08,C430E,IZAÑA,SANTA CRUZ DE TENERIFE,2369,"18,6","0,0","13,2",01:50,"24,0",13:34,36,"1,9","8,3",13:55,"13,9","773,1",12,"771,0",04,15,24,12:30,8,Varias
2017-06-09,C430E,IZAÑA,SANTA CRUZ DE TENERIFE,2369,"17,5","0,0","13,6",23:00,"21,4",13:10,10,"1,9","6,7",13:50,"13,9","773,0",00,"771,4",Varias,12,31,18:50,4,06:50
2017-06-10,C430E,IZAÑA,SANTA CRUZ DE TENERIFE,2369,"15,4","0,0","11,6",23:30,"19,2",13:40,10,"3,6","10,6",12:40,"13,9","772,2",00,"770,3",Varias,22,40,17:40,5,01:59
2017-06-11,C430E,IZAÑA,SANTA CRUZ DE TENERIFE,2369,"15,0","0,0","10,7",04:43,"19,3",12:22,36,"3,6","9,4",13:03,"13,3","771,2",23,"769,7",Varias,27,37,14:30,9,02:30
2017-06-12,C430E,IZAÑA,SANTA CRUZ DE TENERIFE,2369,"14,4","0,0","9,9",02:30,"18,8",12:22,30,"6,7","13,6",20:15,"13,8","771,1",12,"769,1",05,23,33,02:30,8,20:50
2017-06-13,C430E,IZAÑA,SANTA CRUZ DE TENERIFE,2369,"15,8","0,0","11,5",05:25,"20,1",13:30,31,"6,4","13,9",17:59,"13,9","770,1",23,"767,7",05,9,19,10:00,2,02:20
2017-06-14,C430E,IZAÑA,SANTA CRUZ DE TENERIFE,2369,"15,7","0,0","11,6",02:23,"19,8",15:24,30,"5,0","8,9",Varias,"13,8","771,5",23,"768,8",Varias,11,19,12:40,3,03:30
2017-06-15,C430E,IZAÑA,SANTA CRUZ DE TENERIFE,2369,"12,7","0,0","8,8",03:50,"16,6",19:00,34,"6,1","12,5",08:50,"13,9","771,2",00,"769,7",04,43,72,09:00,3,23:10
2017-06-16,C430E,IZAÑA,SANTA CRUZ DE TENERIFE,2369,"18,4","0,0","13,2",06:10,"23,7",14:20,19,"2,8","11,7",14:02,"13,9","770,9",00,"769,2",18,9,15,15:20,3,00:16
2017-06-17,C430E,IZAÑA,SANTA CRUZ DE TENERIFE,2369,"19,5","0,0","14,5",03:50,"24,5",13:14,19,"7,8","15,8",15:05,"13,9","770,0",00,"768,1",18,7,20,05:10,2,Varias
2017-06-18,C430E,IZAÑA,SANTA CRUZ DE TENERIFE,2369,"20,0","0,0","15,4",04:50,"24,7",Varias,23,"9,2","18,9",17:00,"13,9","769,4",24,"767,3",05,5,11,12:10,2,Varias
2017-06-19,C430E,IZAÑA,SANTA CRUZ DE TENERIFE,2369,"18,6","0,0","13,7",04:43,"23,4",13:55,30,"6,9","16,1",07:00,"13,9","771,9",23,"767,4",04,13,19,16:20,2,02:00
2017-06-20,C430E,IZAÑA,SANTA CRUZ DE TENERIFE,2369,"19,1","0,0","13,9",06:04,"24,3",13:23,29,"7,8","31,1",17:42,"13,8","773,3",Varias,"770,1",19,13,17,Varias,7,05:10
2017-06-21,C430E,IZAÑA,SANTA CRUZ DE TENERIFE,2369,"20,0","0,0","15,2",06:02,"24,9",14:40,30,"6,4","21,4",03:05,"13,3","775,1",23,"770,8",03,25,37,20:41,16,00:10
2017-06-22,C430E,IZAÑA,SANTA CRUZ DE TENERIFE,2369,"19,8","0,0","16,9",06:10,"22,7",09:10,17,"8,9","19,2",14:38,"8,0","776,8",23,"773,8",04,27,35,02:30,20,Varias
2017-06-23,C430E,IZAÑA,SANTA CRUZ DE TENERIFE,2369,"20,3","0,0","16,7",Varias,"23,9",14:21,18,"6,7","19,2",04:45,"7,3","778,0",23,"775,2",04,34,44,21:00,26,01:00
2017-06-24,C430E,IZAÑA,SANTA CRUZ DE TENERIFE,2369,"19,8","0,0","16,4",Varias,"23,2",11:13,35,"3,6","8,9",11:10,"6,3","777,7",00,"774,4",19,33,52,23:15,29,Varias
2017-06-25,C430E,IZAÑA,SANTA CRUZ DE TENERIFE,2369,"20,5","0,0","16,4",00:00,"24,6",14:23,17,"3,1","9,7",14:30,"10,1","774,5",00,"772,6",Varias,36,48,Varias,31,Varias
2017-06-26,C430E,IZAÑA,SANTA CRUZ DE TENERIFE,2369,"21,0","0,0","17,2",05:41,"24,8",13:51,35,"3,1","12,2",13:52,"12,0","773,3",00,"771,8",Varias,40,47,Varias,32,10:30
2017-06-27,C430E,IZAÑA,SANTA CRUZ DE TENERIFE,2369,"21,0","0,0","16,5",03:23,"25,4",15:32,19,"3,9","12,8",13:23,"12,6","776,5",23,"772,5",03,38,50,03:20,25,15:24
2017-06-28,C430E,IZAÑA,SANTA CRUZ DE TENERIFE,2369,"18,4","0,0","14,3",23:59,"22,6",12:04,31,"6,1","14,4",21:40,"13,4","776,7",12,"774,9",24,30,42,00:00,11,21:14
2017-06-29,C430E,IZAÑA,SANTA CRUZ DE TENERIFE,2369,"14,7","0,0","10,9",20:42,"18,5",13:10,33,"11,4","18,6",14:46,"13,9","774,9",00,"772,3",Varias,27,54,14:50,5,19:10
2017-06-30,C430E,IZAÑA,SANTA CRUZ DE TENERIFE,2369,"15,0","0,0","10,0",21:10,"20,1",12:56,07,"8,3","18,3",11:11,"13,9","773,6",11,"771,6",03,11,30,18:01,1,Varias
2017-07-01,C430E,IZAÑA,SANTA CRUZ DE TENERIFE,2369,"15,4","0,0","10,8",00:10,"20,0",11:22,35,"4,4","15,0",00:50,"13,9","773,2",23,"771,1",04,7,25,14:10,1,Varias
2017-07-02,C430E,IZAÑA,SANTA CRUZ DE TENERIFE,2369,"17,6","0,0","13,8",00:34,"21,5",16:30,36,"3,6","7,5",01:05,"13,9","773,9",23,"771,5",Varias,11,29,20:40,2,Varias
2017-07-03,C430E,IZAÑA,SANTA CRUZ DE TENERIFE,2369,"18,6","0,0","14,7",04:22,"22,4",12:57,32,"4,4","10,0",16:00,"13,9","774,5",23,"772,8",Varias,14,20,03:45,6,Varias
2017-07-04,C430E,IZAÑA,SANTA CRUZ DE TENERIFE,2369,"16,5","0,0","12,6",21:41,"20,4",12:44,31,"7,5","12,2",17:10,"13,9","774,3",00,"772,1",Varias,13,24,14:10,2,Varias
2017-07-05,C430E,IZAÑA,SANTA CRUZ DE TENERIFE,2369,"13,2","0,0","9,1",23:10,"17,2",11:25,35,"8,3","13,6",18:30,"13,9","772,8",00,"771,1",06,22,41,23:05,1,02:00
2017-07-06,C430E,IZAÑA,SANTA CRUZ DE TENERIFE,2369,"15,2","0,0","10,0",00:00,"20,4",10:54,35,"3,3","6,9",13:10,"13,9","773,4",23,"770,5",Varias,25,39,13:00,1,21:24
2017-07-07,C430E,IZAÑA,SANTA CRUZ DE TENERIFE,2369,"17,4","0,0","12,0",03:58,"22,7",14:57,02,"3,9","9,2",14:55,"13,9","775,3",23,"772,3",Varias,14,37,03:42,1,Varias
2017-07-08,C430E,IZAÑA,SANTA CRUZ DE TENERIFE,2369,"17,6","0,0","12,9",22:00,"22,2",14:20,32,"12,8","20,3",16:34,"13,8","776,2",Varias,"773,6",17,12,18,18:15,1,00:00
2017-07-09,C430E,IZAÑA,SANTA CRUZ DE TENERIFE,2369,"16,3","0,0","12,5",23:42,"20,1",15:50,34,"7,5","16,7",18:30,"13,8","774,8",00,"772,6",19,14,32,13:20,2,Varias
2017-07-10,C430E,IZAÑA,SANTA CRUZ DE TENERIFE,2369,"15,8","0,0","11,7",04:20,"19,8",15:10,36,"5,6","11,7",00:00,"13,8","773,4",00,"770,2",18,13,24,15:00,6,22:30
2017-07-11,C430E,IZAÑA,SANTA CRUZ DE TENERIFE,2369,"16,6","0,0","12,0",00:24,"21,1",13:03,07,"1,7","7,2",11:40,"13,8","772,3",23,"769,7",04,9,22,12:50,3,06:30
2017-07-12,C430E,IZAÑA,SANTA CRUZ DE TENERIFE,2369,"18,2","0,0","13,9",00:00,"22,6",14:12,35,"3,1","8,9",13:24,"13,8","775,0",23,"771,3",Varias,16,24,13:40,6,08:00
2017-07-13,C430E,IZAÑA,SANTA CRUZ DE TENERIFE,2369,"22,2","0,0","15,9",00:10,"28,4",13:50,19,"4,7","13,9",12:00,"13,0","776,5",23,"774,1",03,6,20,16:37,1,Varias
2017-07-14,C430E,IZAÑA,SANTA CRUZ DE TENERIFE,2369,"23,5","0,0","19,9",23:59,"27,1",16:30,36,"5,6","16,1",16:32,"11,5","776,6",12,"775,0",Varias,14,20,18:50,4,Varias
2017-07-15,C430E,IZAÑA,SANTA CRUZ DE TENERIFE,2369,"22,8","0,0","18,6",02:50,"26,9",13:23,18,"2,2","10,8",15:50,"12,0","776,2",00,"774,8",04,26,37,Varias,13,00:20
2017-07-16,C430E,IZAÑA,SANTA CRUZ DE TENERIFE,2369,"22,6","0,0","18,6",23:20,"26,5",15:40,36,"2,2","11,1",17:00,"11,4","776,5",12,"774,9",Varias,19,34,Varias,14,Varias
2017-07-17,C430E,IZAÑA,SANTA CRUZ DE TENERIFE,2369,"22,5","0,0","18,2",06:30,"26,8",13:53,03,"2,5","10,8",16:04,"12,5","776,2",00,"774,5",17,17,31,00:00,13,Varias
2017-07-18,C430E,IZAÑA,SANTA CRUZ DE TENERIFE,2369,"21,2","0,0","16,8",23:59,"25,6",13:20,34,"5,8","14,2",15:14,"12,9","775,6",Varias,"773,9",Varias,18,25,Varias,15,Varias
2017-07-19,C430E,IZAÑA,SANTA CRUZ DE TENERIFE,2369,"18,6","0,0","14,8",22:14,"22,3",11:22,32,"7,2","13,9",18:50,"13,6","775,4",Varias,"773,6",04,12,25,00:00,6,23:40
2017-07-20,C430E,IZAÑA,SANTA CRUZ DE TENERIFE,2369,"17,0","0,0","12,3",23:10,"21,7",13:10,32,"6,7","13,6",16:10,"13,7","775,2",00,"772,6",18,20,56,23:00,2,Varias
2017-07-21,C430E,IZAÑA,SANTA CRUZ DE TENERIFE,2369,"14,6","0,0","11,1",Varias,"18,1",12:10,31,"6,9","12,8",15:07,"13,7","773,4",00,"770,4",18,40,57,04:40,9,Varias
2017-07-22,C430E,IZAÑA,SANTA CRUZ DE TENERIFE,2369,"15,6","0,0","10,6",05:24,"20,5",13:32,36,"4,2","10,8",09:14,"13,7","773,0",23,"769,9",05,16,25,20:00,8,09:40
2017-07-23,C430E,IZAÑA,SANTA CRUZ DE TENERIFE,2369,"16,7","0,0","12,6",00:50,"20,8",16:35,18,"5,8","11,1",20:50,"13,6","775,3",23,"771,6",Varias,12,23,15:10,7,04:30
2017-07-24,C430E,IZAÑA,SANTA CRUZ DE TENERIFE,2369,"19,4","0,0","13,5",01:31,"25,3",14:31,15,"6,7","12,2",14:45,"12,5","776,3",Varias,"774,3",03,19,48,23:40,6,02:30
2017-07-25,C430E,IZAÑA,SANTA CRUZ DE TENERIFE,2369,"21,1","0,0","16,4",06:02,"25,8",14:51,17,"3,9","11,9",11:46,"12,6","776,0",00,"774,2",18,35,49,00:30,23,11:40
2017-07-26,C430E,IZAÑA,SANTA CRUZ DE TENERIFE,2369,"21,3","0,0","17,0",06:10,"25,6",15:04,12,"3,9","9,7",12:10,"12,4","775,4",Varias,"773,5",Varias,26,45,07:00,16,Varias
2017-07-27,C430E,IZAÑA,SANTA CRUZ DE TENERIFE,2369,"21,7","0,0","17,8",04:46,"25,6",13:10,10,"3,3","10,3",12:20,"12,5","776,7",Varias,"774,0",04,18,23,22:24,16,Varias
2017-07-28,C430E,IZAÑA,SANTA CRUZ DE TENERIFE,2369,"22,7","0,0","18,6",01:10,"26,8",15:55,19,"3,1","11,7",15:10,"12,7","778,3",22,"775,5",04,19,24,Varias,14,14:25
2017-07-29,C430E,IZAÑA,SANTA CRUZ DE TENERIFE,2369,"23,0","0,0","18,3",22:30,"27,6",15:14,33,"6,1","15,8",17:10,"12,6","778,6",11,"776,7",04,19,29,Varias,16,Varias
2017-07-30,C430E,IZAÑA,SANTA CRUZ DE TENERIFE,2369,"21,8","0,0","17,2",23:52,"26,4",13:42,31,"9,4","15,0",13:50,"12,9","777,2",00,"773,4",24,16,29,00:10,6,22:20
2017-07-31,C430E,IZAÑA,SANTA CRUZ DE TENERIFE,2369,"17,6","0,0","12,6",23:40,"22,6",12:02,31,"8,1","13,9",18:35,"13,5","773,4",00,"770,4",18,16,30,18:40,6,21:00
2017-08-01,C430E,IZAÑA,SANTA CRUZ DE TENERIFE,2369,"16,4","0,0","12,0",23:21,"20,9",14:04,99,"5,6","9,4",Varias,"13,5","773,8",23,"771,0",05,39,51,23:24,16,00:00
2017-08-02,C430E,IZAÑA,SANTA CRUZ DE TENERIFE,2369,"15,9","0,0","11,5",04:30,"20,3",12:30,34,"4,2","8,3",15:23,"13,5","774,9",22,"772,3",05,41,51,12:10,10,23:40
2017-08-03,C430E,IZAÑA,SANTA CRUZ DE TENERIFE,2369,"16,9","0,0","12,6",02:50,"21,2",16:00,36,"3,1","8,3",00:52,"13,4","774,6",00,"772,5",Varias,14,36,13:20,2,18:40
2017-08-04,C430E,IZAÑA,SANTA CRUZ DE TENERIFE,2369,"18,7","0,0","13,2",01:00,"24,2",13:50,18,"3,6","15,0",22:50,"13,4","772,9",Varias,"771,2",06,15,46,15:42,1,Varias
2017-08-05,C430E,IZAÑA,SANTA CRUZ DE TENERIFE,2369,"19,8","0,0","14,4",05:20,"25,3",15:05,18,"10,0","16,7",11:40,"13,2","773,3",12,"771,5",04,20,36,05:00,11,Varias
2017-08-06,C430E,IZAÑA,SANTA CRUZ DE TENERIFE,2369,"21,6","0,0","18,0",03:31,"25,3",13:40,17,"10,8","17,5",16:37,"12,6","773,5",Varias,"771,4",04,20,28,05:00,16,Varias
2017-08-07,C430E,IZAÑA,SANTA CRUZ DE TENERIFE,2369,"23,3","0,0","19,2",06:30,"27,4",13:40,18,"7,5","16,7",01:31,"11,2","775,3",Varias,"772,4",04,25,35,Varias,21,Varias
2017-08-08,C430E,IZAÑA,SANTA CRUZ DE TENERIFE,2369,"23,2","0,0","18,7",06:10,"27,7",14:40,10,"5,8","11,1",14:20,"11,8","776,8",23,"774,1",Varias,24,38,05:30,16,11:00
2017-08-09,C430E,IZAÑA,SANTA CRUZ DE TENERIFE,2369,"22,9","0,0","19,4",Varias,"26,4",13:40,17,"5,0","13,1",13:40,"12,5","777,5",23,"775,7",04,23,36,05:20,18,13:40
2017-08-10,C430E,IZAÑA,SANTA CRUZ DE TENERIFE,2369,"23,0","0,0","18,6",06:30,"27,5",12:53,35,"5,6","13,3",16:10,"12,5","777,4",11,"775,4",18,21,26,00:50,11,Varias
2017-08-11,C430E,IZAÑA,SANTA CRUZ DE TENERIFE,2369,"21,0","0,0","16,9",23:05,"25,0",15:20,33,"8,9","17,2",17:40,"12,7","776,5",10,"775,0",Varias,13,16,12:00,8,Varias
2017-08-12,C430E,IZAÑA,SANTA CRUZ DE TENERIFE,2369,"19,4","0,0","15,9",22:30,"22,9",13:40,36,"10,3","18,1",23:43,"12,7","776,3",11,"774,6",05,10,21,03:00,5,13:00
2017-08-13,C430E,IZAÑA,SANTA CRUZ DE TENERIFE,2369,"19,2","0,0","15,0",03:21,"23,4",13:50,35,"10,3","17,5",00:00,"12,7","774,9",00,"772,9",Varias,21,30,Varias,6,Varias
2017-08-14,C430E,IZAÑA,SANTA CRUZ DE TENERIFE,2369,"19,8","0,0","15,3",06:00,"24,4",13:51,24,"5,6","17,2",15:40,"13,0","773,4",23,"771,5",04,27,38,Varias,12,21:40
2017-08-15,C430E,IZAÑA,SANTA CRUZ DE TENERIFE,2369,"19,9","0,0","15,7",06:32,"24,1",15:00,24,"5,0","13,6",06:50,"13,2","775,9",22,"771,6",Varias,25,40,13:04,11,03:20
2017-08-16,C430E,IZAÑA,SANTA CRUZ DE TENERIFE,2369,"21,6","0,0","17,0",01:11,"26,3",14:33,01,"2,2","7,8",15:44,"12,9","777,2",Varias,"774,5",03,13,27,11:44,7,07:11
2017-08-17,C430E,IZAÑA,SANTA CRUZ DE TENERIFE,2369,"22,7","0,0","18,5",23:10,"26,9",13:10,35,"3,9","10,6",16:30,"12,5","777,3",23,"775,8",05,17,28,Varias,9,Varias
2017-08-18,C430E,IZAÑA,SANTA CRUZ DE TENERIFE,2369,"21,6","0,0","17,2",03:50,"25,9",13:20,02,"7,2","13,6",20:50,"12,8","777,1",Varias,"775,4",Varias,12,23,16:50,5,Varias
2017-08-19,C430E,IZAÑA,SANTA CRUZ DE TENERIFE,2369,"20,6","0,0","16,4",02:44,"24,8",14:23,34,"7,2","14,2",12:00,"12,8","775,7",00,"774,4",Varias,12,19,17:30,1,21:00
2017-08-20,C430E,IZAÑA,SANTA CRUZ DE TENERIFE,2369,"23,8","0,0","20,6",22:00,"26,9",12:20,18,"4,7","14,2",12:50,"11,1","776,5",22,"773,9",04,13,21,Varias,4,Varias
2017-08-21,C430E,IZAÑA,SANTA CRUZ DE TENERIFE,2369,"23,3","0,0","19,2",05:55,"27,4",14:20,18,"3,9","11,1",14:41,"11,4","776,4",23,"774,9",18,20,32,20:00,15,07:45
2017-08-22,C430E,IZAÑA,SANTA CRUZ DE TENERIFE,2369,"22,2","0,0","18,3",02:43,"26,0",13:02,12,"4,2","10,8",12:40,"11,3","776,4",11,"774,5",18,24,33,02:34,18,Varias
2017-08-23,C430E,IZAÑA,SANTA CRUZ DE TENERIFE,2369,"21,8","0,0","17,5",03:30,"26,1",13:20,10,"5,3","12,5",11:44,"11,9","775,4",11,"773,9",Varias,20,31,00:50,6,20:14
2017-08-24,C430E,IZAÑA,SANTA CRUZ DE TENERIFE,2369,"22,1","0,0","17,9",23:34,"26,3",14:15,10,"5,8","15,8",13:11,"12,4","775,4",23,"773,3",04,11,36,22:50,8,06:50
2017-08-25,C430E,IZAÑA,SANTA CRUZ DE TENERIFE,2369,"21,6","0,0","16,8",22:00,"26,4",13:40,32,"3,6","9,7",17:44,"8,8","775,3",00,"773,6",05,30,49,21:50,21,11:30
2017-08-26,C430E,IZAÑA,SANTA CRUZ DE TENERIFE,2369,"20,2","0,0","16,1",05:10,"24,2",14:20,34,"4,4","11,1",17:00,"9,9","775,1",00,"772,9",17,39,47,22:50,29,12:00
2017-08-27,C430E,IZAÑA,SANTA CRUZ DE TENERIFE,2369,"18,6","0,0","14,8",22:50,"22,3",11:50,31,"3,9","11,9",23:00,"6,7","774,1",12,"772,6",05,44,58,21:00,32,11:50
2017-08-28,C430E,IZAÑA,SANTA CRUZ DE TENERIFE,2369,"17,8","0,0","13,4",06:00,"22,1",13:00,32,"10,0","18,1",22:50,"12,3","774,8",11,"772,4",05,32,47,02:10,18,22:00
2017-08-29,C430E,IZAÑA,SANTA CRUZ DE TENERIFE,2369,"14,2","0,0","9,4",21:10,"19,1",12:20,30,"8,1","16,4",04:30,"12,7","773,1",00,"770,7",05,21,47,23:20,6,09:00
2017-08-30,C430E,IZAÑA,SANTA CRUZ DE TENERIFE,2369,"12,0","0,0","7,3",06:30,"16,6",15:30,35,"6,4","12,8",06:00,"12,6","772,3",11,"770,5",05,49,61,07:00,23,15:40
2017-08-31,C430E,IZAÑA,SANTA CRUZ DE TENERIFE,2369,"13,4","0,0","8,4",00:50,"18,4",12:50,04,"7,8","18,1",05:10,"12,6","772,9",11,"770,5",Varias,35,58,20:40,15,18:10
2017-09-01,C430E,IZAÑA,SANTA CRUZ DE TENERIFE,2369,"16,3","0,0","11,1",00:10,"21,5",14:00,33,"4,2","11,1",00:00,"11,5","772,7",11,"770,9",05,26,41,00:10,6,20:50
2017-09-02,C430E,IZAÑA,SANTA CRUZ DE TENERIFE,2369,"16,5","0,0","12,3",23:00,"20,7",13:50,10,"2,8","8,3",13:50,"12,7","773,4",22,"770,7",05,23,45,12:40,6,09:20
2017-09-03,C430E,IZAÑA,SANTA CRUZ DE TENERIFE,2369,"19,0","0,0","12,8",01:20,"25,2",12:20,19,"3,9","10,8",15:10,"12,6","775,5",Varias,"772,4",03,17,36,01:00,7,07:30
2017-09-04,C430E,IZAÑA,SANTA CRUZ DE TENERIFE,2369,"21,2","0,0","16,6",07:00,"25,8",13:10,28,"5,0","23,6",14:30,"12,0","777,4",22,"774,4",04,25,52,22:30,9,00:30
2017-09-05,C430E,IZAÑA,SANTA CRUZ DE TENERIFE,2369,"19,3","0,0","14,2",23:00,"24,4",12:30,33,"7,5","15,8",16:50,"12,1","778,1",11,"775,8",04,23,53,01:00,6,23:50
2017-09-06,C430E,IZAÑA,SANTA CRUZ DE TENERIFE,2369,"16,8","0,0","12,5",05:30,"21,0",14:00,35,"9,7","16,7",13:40,"12,6","777,0",00,"773,9",18,18,35,06:40,3,01:10
2017-09-07,C430E,IZAÑA,SANTA CRUZ DE TENERIFE,2369,"18,9","0,0","13,2",01:40,"24,6",17:00,08,"4,7","10,8",03:40,"12,2","774,5",22,"772,6",05,23,45,02:40,6,19:30
2017-09-08,C430E,IZAÑA,SANTA CRUZ DE TENERIFE,2369,"22,6","0,0","18,2",22:00,"26,9",13:40,32,"1,9","12,8",14:40,"11,7","776,3",23,"773,2",04,14,21,Varias,7,00:50
2017-09-09,C430E,IZAÑA,SANTA CRUZ DE TENERIFE,2369,"20,0","0,0","15,6",20:50,"24,4",12:50,30,"6,9","13,3",23:59,"11,7","776,4",12,"774,6",Varias,13,22,00:10,10,13:10
2017-09-10,C430E,IZAÑA,SANTA CRUZ DE TENERIFE,2369,"15,4","0,0","11,4",23:50,"19,4",12:00,99,"15,6","20,8",Varias,,"774,6",00,"770,5",Varias,13,46,23:59,6,19:30
2017-09-11,C430E,IZAÑA,SANTA CRUZ DE TENERIFE,2369,"13,0","0,0","9,7",06:00,"16,4",15:30,32,"4,7","10,0",08:20,"12,3","771,5",00,"769,7",Varias,64,73,06:00,26,23:50
2017-09-12,C430E,IZAÑA,SANTA CRUZ DE TENERIFE,2369,"13,2","0,0","9,7",23:50,"16,8",13:10,11,"7,2","14,4",11:50,"12,2","771,4",22,"768,8",04,36,70,23:30,3,03:10
2017-09-13,C430E,IZAÑA,SANTA CRUZ DE TENERIFE,2369,"14,4","0,0","9,5",00:20,"19,3",15:40,19,"10,6","21,1",22:00,"12,3","773,6",22,"769,9",05,34,68,00:20,12,03:20
2017-09-14,C430E,IZAÑA,SANTA CRUZ DE TENERIFE,2369,"15,5","0,0","10,8",00:50,"20,2",14:30,19,"9,2","22,2",03:50,"7,1","774,8",11,"772,4",05,41,56,23:30,21,08:30
2017-09-15,C430E,IZAÑA,SANTA CRUZ DE TENERIFE,2369,"16,0","0,0","13,1",03:00,"19,0",10:50,23,"7,5","17,8",22:50,"5,6","774,7",11,"772,1",24,35,61,03:00,23,07:10
2017-09-16,C430E,IZAÑA,SANTA CRUZ DE TENERIFE,2369,"16,8","0,0","12,5",07:00,"21,0",13:20,24,"5,0","16,4",14:00,"9,8","773,7",22,"770,4",05,44,53,07:50,31,13:10
2017-09-17,C430E,IZAÑA,SANTA CRUZ DE TENERIFE,2369,"18,0","0,2","13,6",05:00,"22,3",13:10,31,"4,4","14,2",11:50,"10,5","776,5",Varias,"772,4",03,37,54,15:10,30,12:40
2017-09-18,C430E,IZAÑA,SANTA CRUZ DE TENERIFE,2369,"19,7","0,0","15,4",00:10,"24,0",13:30,28,"7,8","14,2",05:00,"11,1","779,2",22,"775,7",Varias,28,34,Varias,23,13:30
2017-09-19,C430E,IZAÑA,SANTA CRUZ DE TENERIFE,2369,"19,6","0,0","15,9",21:20,"23,4",14:40,34,"7,5","14,2",15:20,"11,1","779,4",10,"777,5",Varias,20,25,Varias,18,Varias
2017-09-20,C430E,IZAÑA,SANTA CRUZ DE TENERIFE,2369,"15,2","0,0","10,4",23:59,"19,9",13:10,32,"16,1","24,2",11:30,"10,3","777,6",00,"772,1",19,30,40,07:50,23,Varias
2017-09-21,C430E,IZAÑA,SANTA CRUZ DE TENERIFE,2369,"10,6","0,0","7,1",22:20,"14,1",13:10,36,"10,8","19,7",23:10,"12,2","772,5",00,"770,2",05,33,77,14:10,19,09:50
2017-09-22,C430E,IZAÑA,SANTA CRUZ DE TENERIFE,2369,"12,2","0,0","6,4",03:40,"17,9",13:30,34,"4,7","20,0",00:10,"12,1","771,1",00,"769,2",04,33,80,03:40,14,16:40
2017-09-23,C430E,IZAÑA,SANTA CRUZ DE TENERIFE,2369,"14,0","0,0","10,5",22:40,"17,4",13:10,11,"9,7","16,7",12:00,"8,0","771,7",11,"769,4",04,45,71,22:40,30,00:00
2017-09-24,C430E,IZAÑA,SANTA CRUZ DE TENERIFE,2369,"14,8","0,0","10,6",01:10,"18,9",11:20,18,"15,0","24,4",13:30,"11,1","776,1",Varias,"770,8",04,38,86,19:40,10,07:20
2017-09-25,C430E,IZAÑA,SANTA CRUZ DE TENERIFE,2369,"12,4","1,2","9,3",06:00,"15,5",11:00,17,"8,1","18,9",01:00,"5,5","776,0",11,"773,6",05,89,99,20:00,51,00:00
2017-09-26,C430E,IZAÑA,SANTA CRUZ DE TENERIFE,2369,"11,2","0,0","8,4",22:40,"13,9",15:30,36,"4,2","7,8",14:40,"3,8","774,3",00,"772,1",Varias,94,100,Varias,83,23:50
2017-09-27,C430E,IZAÑA,SANTA CRUZ DE TENERIFE,2369,"11,6","0,0","8,2",05:30,"14,9",11:20,01,"5,3","11,9",16:00,"10,1","774,6",23,"771,5",05,56,85,00:20,33,06:50
2017-09-28,C430E,IZAÑA,SANTA CRUZ DE TENERIFE,2369,"12,0","0,0","8,4",Varias,"15,6",14:10,32,"7,2","12,8",17:00,"11,7","775,6",11,"773,6",04,61,82,19:40,49,14:00
2017-09-29,C430E,IZAÑA,SANTA CRUZ DE TENERIFE,2369,"11,8","0,0","7,6",05:00,"16,0",12:00,36,"6,9","12,8",20:50,"11,8","774,9",11,"772,8",18,45,82,04:30,13,08:20
2017-09-30,C430E,IZAÑA,SANTA CRUZ DE TENERIFE,2369,"10,3","0,0","5,5",04:40,"15,1",13:10,07,"6,4","12,2",15:30,"11,8","773,5",Varias,"771,8",Varias,50,93,03:20,26,00:00
2017-10-01,C430E,IZAÑA,SANTA CRUZ DE TENERIFE,2369,"11,8","0,0","6,9",00:10,"16,8",13:50,06,"6,7","14,4",04:23,"11,7","773,4",12,"771,5",04,36,87,00:00,26,15:50
2017-10-02,C430E,IZAÑA,SANTA CRUZ DE TENERIFE,2369,"14,4","0,0","10,2",03:47,"18,5",12:53,36,"3,3","7,8",04:41,"11,7","772,7",Varias,"771,2",05,23,37,11:30,16,16:40
2017-10-03,C430E,IZAÑA,SANTA CRUZ DE TENERIFE,2369,"14,2","0,0","9,8",06:57,"18,6",16:30,09,"3,6","9,2",09:30,"11,7","771,7",10,"770,0",05,37,43,08:20,7,20:00
2017-10-04,C430E,IZAÑA,SANTA CRUZ DE TENERIFE,2369,"15,7","0,0","11,2",02:05,"20,2",12:30,99,"2,5","7,5",Varias,"11,7","772,3",23,"769,9",05,28,44,16:00,9,04:15
2017-10-05,C430E,IZAÑA,SANTA CRUZ DE TENERIFE,2369,"16,8","0,0","13,4",19:13,"20,2",12:42,24,"15,0","25,3",13:05,"11,5","773,3",11,"770,4",17,15,29,23:40,6,15:20
2017-10-06,C430E,IZAÑA,SANTA CRUZ DE TENERIFE,2369,"14,6","0,0","11,6",07:01,"17,7",14:33,28,"16,4","28,6",21:50,"11,5","772,1",15,"769,5",07,24,49,21:00,8,05:00
2017-10-07,C430E,IZAÑA,SANTA CRUZ DE TENERIFE,2369,"10,2","0,0","5,0",20:22,"15,5",12:13,28,"7,8","23,1",00:00,"11,5","770,7",00,"768,5",17,32,94,20:20,8,03:40
2017-10-08,C430E,IZAÑA,SANTA CRUZ DE TENERIFE,2369,"6,8","0,0","3,4",03:35,"10,1",12:30,30,"3,9","10,3",02:50,"5,6","770,2",11,"767,8",04,96,100,Varias,47,23:20
2017-10-09,C430E,IZAÑA,SANTA CRUZ DE TENERIFE,2369,"10,2","0,0","4,5",00:04,"15,8",10:20,30,"3,6","10,3",01:10,"11,4","770,7",11,"768,3",05,56,91,16:50,10,08:00
2017-10-10,C430E,IZAÑA,SANTA CRUZ DE TENERIFE,2369,"13,8","0,0","8,5",00:00,"19,0",13:05,22,"5,6","17,5",23:05,"11,4","770,1",22,"767,9",Varias,17,67,11:05,6,07:00
2017-10-11,C430E,IZAÑA,SANTA CRUZ DE TENERIFE,2369,"14,6","0,0","10,3",01:31,"19,0",13:10,19,"17,5","27,8",10:10,"11,1","774,2",Varias,"769,1",04,32,48,03:00,25,Varias
2017-10-12,C430E,IZAÑA,SANTA CRUZ DE TENERIFE,2369,"15,9","0,0","13,5",00:00,"18,3",14:43,19,"10,8","20,6",00:44,"4,9","776,8",23,"773,8",02,28,37,00:00,23,15:00
2017-10-13,C430E,IZAÑA,SANTA CRUZ DE TENERIFE,2369,"17,2","0,0","13,7",07:25,"20,8",12:20,17,"10,8","18,6",11:23,"7,0","777,4",Varias,"775,8",06,28,34,Varias,23,12:20
2017-10-14,C430E,IZAÑA,SANTA CRUZ DE TENERIFE,2369,"15,6","0,0","13,2",Varias,"18,0",10:56,18,"7,8","16,4",16:54,"1,5","777,1",Varias,"775,6",17,33,48,09:10,29,Varias
2017-10-15,C430E,IZAÑA,SANTA CRUZ DE TENERIFE,2369,"15,0","0,0","11,9",22:20,"18,0",13:02,18,"7,8","15,3",14:50,"4,9","776,4",00,"774,8",18,31,42,02:20,28,13:00
2017-10-16,C430E,IZAÑA,SANTA CRUZ DE TENERIFE,2369,"14,7","0,0","11,6",20:45,"17,8",13:31,21,"6,4","15,0",08:10,"6,3","777,2",23,"775,0",Varias,33,41,15:00,29,12:30
2017-10-17,C430E,IZAÑA,SANTA CRUZ DE TENERIFE,2369,"13,5","0,0","9,4",23:20,"17,6",12:05,30,"4,7","16,1",23:35,"7,5","777,4",10,"775,1",03,42,59,13:52,28,00:31
2017-10-18,C430E,IZAÑA,SANTA CRUZ DE TENERIFE,2369,"11,3","0,0","8,0",21:30,"14,6",12:24,30,"6,9","18,6",02:45,"11,0","775,5",11,"773,3",03,38,70,18:20,13,08:40
2017-10-19,C430E,IZAÑA,SANTA CRUZ DE TENERIFE,2369,"11,0","0,0","7,5",19:41,"14,6",13:10,33,"7,5","13,1",13:43,"11,0","774,7",11,"772,8",17,48,78,02:30,24,10:30
2017-10-20,C430E,IZAÑA,SANTA CRUZ DE TENERIFE,2369,"9,8","0,0","6,0",07:10,"13,6",16:50,34,"4,4","6,7",11:02,"10,8","774,0",Varias,"772,2",Varias,50,100,06:02,4,23:00
2017-10-21,C430E,IZAÑA,SANTA CRUZ DE TENERIFE,2369,"12,0","0,0","8,4",03:20,"15,7",13:40,07,"3,9","10,6",23:51,"10,1","775,3",11,"772,5",04,33,80,22:50,4,00:50
2017-10-22,C430E,IZAÑA,SANTA CRUZ DE TENERIFE,2369,"11,2","0,0","8,4",00:15,"14,0",15:30,08,"5,3","13,6",10:33,"10,1","774,3",00,"771,8",24,36,72,00:10,8,18:50
2017-10-23,C430E,IZAÑA,SANTA CRUZ DE TENERIFE,2369,"13,5","0,0","10,1",01:50,"16,9",11:51,23,"12,2","22,5",13:40,"7,7","772,3",10,"770,5",18,17,42,22:40,6,06:30
2017-10-24,C430E,IZAÑA,SANTA CRUZ DE TENERIFE,2369,"13,0","0,0","10,5",05:42,"15,4",11:43,19,"11,4","20,8",03:25,"7,1","774,0",11,"771,1",Varias,37,47,14:00,32,Varias
2017-10-25,C430E,IZAÑA,SANTA CRUZ DE TENERIFE,2369,"13,0","0,0","10,1",06:43,"15,9",13:33,18,"10,0","18,3",11:20,"10,5","774,1",11,"772,1",05,35,48,23:30,28,Varias
2017-10-26,C430E,IZAÑA,SANTA CRUZ DE TENERIFE,2369,"12,0","0,0","9,6",06:24,"14,4",12:51,13,"11,1","20,6",22:32,"7,8","774,3",21,"771,7",02,47,54,05:00,38,23:30
2017-10-27,C430E,IZAÑA,SANTA CRUZ DE TENERIFE,2369,"13,1","0,0","7,8",07:13,"18,4",14:35,14,"8,9","20,8",00:03,"10,6","774,8",Varias,"772,2",05,30,57,06:30,6,Varias
2017-10-28,C430E,IZAÑA,SANTA CRUZ DE TENERIFE,2369,"12,8","0,0","9,0",00:00,"16,5",11:20,18,"2,2","13,9",00:00,"5,3","775,1",11,"773,4",15,18,48,00:20,9,03:00
2017-10-29,C430E,IZAÑA,SANTA CRUZ DE TENERIFE,2369,"13,2","0,0","9,3",05:30,"17,0",11:40,36,"3,6","10,3",Varias,"10,8","774,5",11,"772,1",24,24,36,17:30,10,23:20
2017-10-30,C430E,IZAÑA,SANTA CRUZ DE TENERIFE,2369,"13,8","0,0","10,4",01:18,"17,3",11:44,36,"2,5","7,2",00:00,"10,8","772,1",00,"770,1",Varias,19,40,14:50,6,Varias
2017-10-31,C430E,IZAÑA,SANTA CRUZ DE TENERIFE,2369,"12,8","0,0","9,0",06:50,"16,6",13:20,99,"3,6","7,8",Varias,"10,7","771,8",Varias,"769,7",Varias,17,33,15:30,8,04:20
2017-11-01,C430E,IZAÑA,SANTA CRUZ DE TENERIFE,2369,"12,6","0,0","8,2",07:20,"17,0",14:05,32,"3,6","7,5",16:45,"10,7","773,0",11,"770,6",04,22,38,14:40,9,05:10
2017-11-02,C430E,IZAÑA,SANTA CRUZ DE TENERIFE,2369,"12,9","0,0","8,9",Varias,"16,9",12:58,29,"7,5","11,9",07:55,"10,3","772,0",00,"769,0",18,21,50,23:50,12,10:40
2017-11-03,C430E,IZAÑA,SANTA CRUZ DE TENERIFE,2369,"9,4","0,0","6,9",23:59,"11,8",10:41,30,"6,7","14,4",14:40,"9,5","769,8",Varias,"767,8",Varias,74,99,14:20,25,21:20
2017-11-04,C430E,IZAÑA,SANTA CRUZ DE TENERIFE,2369,"4,8","2,0","0,9",22:25,"8,7",14:13,34,"2,8","12,2",19:16,"4,2","770,3",Varias,"767,8",05,77,100,Varias,29,00:11
2017-11-05,C430E,IZAÑA,SANTA CRUZ DE TENERIFE,2369,"3,0","0,4","0,2",07:20,"5,8",11:40,34,"7,2","13,6",13:10,"2,7","770,6",Varias,"768,2",Varias,100,100,Varias,85,07:40
2017-11-06,C430E,IZAÑA,SANTA CRUZ DE TENERIFE,2369,"6,0",Ip,"1,4",03:23,"10,7",10:20,08,"4,7","12,2",00:00,"10,0","769,3",00,"766,1",18,54,100,Varias,19,19:50
2017-11-07,C430E,IZAÑA,SANTA CRUZ DE TENERIFE,2369,"8,6","0,2","5,4",07:34,"11,8",12:10,17,"7,2","19,2",12:20,"6,5","767,3",22,"765,3",05,57,71,10:40,43,11:50
2017-11-08,C430E,IZAÑA,SANTA CRUZ DE TENERIFE,2369,"9,4","0,0","6,6",01:50,"12,1",12:33,12,"11,7","21,4",11:10,"10,4","768,4",22,"765,5",04,56,80,12:00,40,16:00
2017-11-09,C430E,IZAÑA,SANTA CRUZ DE TENERIFE,2369,"11,0","0,0","6,8",04:50,"15,2",11:40,18,"6,4","17,2",11:10,"9,9","770,9",22,"767,3",05,12,52,01:30,6,22:50
2017-11-10,C430E,IZAÑA,SANTA CRUZ DE TENERIFE,2369,"11,2","0,0","7,7",07:20,"14,7",13:20,19,"9,2","20,8",11:20,"9,9","773,9",23,"769,8",04,48,76,20:40,7,Varias
2017-11-11,C430E,IZAÑA,SANTA CRUZ DE TENERIFE,2369,"13,1","0,0","9,3",03:30,"16,9",14:23,18,"5,8","14,7",05:33,"9,9","776,2",Varias,"773,1",03,37,72,02:20,29,14:00
2017-11-12,C430E,IZAÑA,SANTA CRUZ DE TENERIFE,2369,"12,8","0,0","9,0",Varias,"16,5",12:20,36,"3,6","10,0",23:21,"10,2","776,1",Varias,"774,0",Varias,45,74,20:10,31,09:30
2017-11-13,C430E,IZAÑA,SANTA CRUZ DE TENERIFE,2369,"9,8","0,0","6,5",23:30,"13,2",13:33,32,"11,7","21,9",20:33,"9,6","774,8",00,"770,6",18,60,75,23:59,46,Varias
2017-11-14,C430E,IZAÑA,SANTA CRUZ DE TENERIFE,2369,"8,7","0,0","5,4",04:05,"12,0",14:14,32,"14,4","21,1",10:20,"10,2","770,8",00,"768,1",15,56,82,04:00,41,15:10
2017-11-15,C430E,IZAÑA,SANTA CRUZ DE TENERIFE,2369,"8,8","0,0","5,3",05:30,"12,2",13:10,31,"10,8","16,7",08:41,"9,6","770,4",22,"768,0",Varias,53,66,00:50,43,13:20
2017-11-16,C430E,IZAÑA,SANTA CRUZ DE TENERIFE,2369,"10,2","0,0","6,6",23:59,"13,8",12:59,33,"5,0","14,2",00:24,"9,5","771,7",11,"769,3",05,50,64,23:20,40,13:20
2017-11-17,C430E,IZAÑA,SANTA CRUZ DE TENERIFE,2369,"8,8","7,6","6,1",19:02,"11,5",11:10,22,"4,4","14,2",18:53,"4,1","771,0",00,"768,8",16,66,81,17:00,48,10:50
2017-11-18,C430E,IZAÑA,SANTA CRUZ DE TENERIFE,2369,"7,2","0,0","4,7",06:33,"9,7",13:10,17,"9,7","15,0",12:51,"9,8","769,7",00,"767,2",Varias,66,75,06:40,55,Varias
2017-11-19,C430E,IZAÑA,SANTA CRUZ DE TENERIFE,2369,"7,0","0,0","4,3",22:30,"9,8",13:03,18,"8,3","16,9",23:50,"9,6","767,9",11,"766,2",06,41,73,20:30,24,08:10
2017-11-20,C430E,IZAÑA,SANTA CRUZ DE TENERIFE,2369,"6,6","0,0","4,1",07:23,"9,1",12:24,18,"15,6","24,7",12:54,"9,7","769,4",24,"766,2",04,37,44,02:20,32,15:40
2017-11-21,C430E,IZAÑA,SANTA CRUZ DE TENERIFE,2369,"5,7","0,0","3,7",05:33,"7,7",13:50,18,"14,2","21,4",10:23,"2,6","769,2",Varias,"767,3",19,35,40,07:30,22,22:40
2017-11-22,C430E,IZAÑA,SANTA CRUZ DE TENERIFE,2369,"8,7","0,0","5,2",19:55,"12,2",12:10,21,"4,4","15,0",Varias,"8,7","767,7",Varias,"765,4",06,58,94,19:10,25,00:00
2017-11-23,C430E,IZAÑA,SANTA CRUZ DE TENERIFE,2369,"9,6","0,0","4,9",07:10,"14,2",14:21,19,"10,8","23,3",09:42,"10,1","768,6",Varias,"764,9",06,31,45,17:20,7,Varias
2017-11-24,C430E,IZAÑA,SANTA CRUZ DE TENERIFE,2369,"10,5","5,6","6,8",23:40,"14,2",14:50,99,"11,4","21,4",Varias,"6,8","769,2",10,"767,4",15,59,91,23:59,7,00:00
2017-11-25,C430E,IZAÑA,SANTA CRUZ DE TENERIFE,2369,"6,6","1,6","4,7",07:50,"8,6",13:00,19,"17,8","28,6",02:20,"0,6","769,3",22,"765,8",16,72,100,Varias,42,13:40
2017-11-26,C430E,IZAÑA,SANTA CRUZ DE TENERIFE,2369,"7,4","0,2","5,3",02:12,"9,4",18:30,19,"13,1","25,8",10:20,"0,2","772,8",21,"768,5",04,96,100,Varias,64,15:50
2017-11-27,C430E,IZAÑA,SANTA CRUZ DE TENERIFE,2369,"10,4","0,0","6,2",04:35,"14,5",15:23,19,"15,0","23,6",01:55,"7,7","774,9",10,"772,0",04,55,97,01:40,44,14:59
2017-11-28,C430E,IZAÑA,SANTA CRUZ DE TENERIFE,2369,"11,0","0,0","7,8",07:20,"14,1",15:00,29,"14,2","24,7",22:55,"7,1","773,5",00,"768,8",24,54,79,08:50,49,Varias
2017-11-29,C430E,IZAÑA,SANTA CRUZ DE TENERIFE,2369,"8,8","0,0","5,7",23:10,"12,0",12:40,27,"13,9","26,4",05:00,"7,3","769,4",11,"767,0",15,76,87,17:50,48,21:40
2017-11-30,C430E,IZAÑA,SANTA CRUZ DE TENERIFE,2369,"7,9","0,0","5,4",21:20,"10,4",13:50,29,"5,3","17,2",00:00,"5,8","770,3",23,"766,6",03,88,94,18:00,39,01:40
2017-12-01,C430E,IZAÑA,SANTA CRUZ DE TENERIFE,2369,"7,6","0,0","4,4",23:59,"10,9",12:40,31,"8,6","16,7",19:10,"7,6","771,2",11,"768,5",06,89,100,Varias,52,03:00
2017-12-02,C430E,IZAÑA,SANTA CRUZ DE TENERIFE,2369,"7,3","0,0","4,3",07:10,"10,3",12:30,31,"6,4","15,6",00:50,"6,1","771,5",Varias,"769,3",04,89,100,Varias,63,10:40
2017-12-03,C430E,IZAÑA,SANTA CRUZ DE TENERIFE,2369,"7,2","0,1","4,5",00:40,"9,9",13:52,30,"5,3","9,2",00:50,"9,4","771,5",24,"769,5",15,90,100,Varias,41,23:59
2017-12-04,C430E,IZAÑA,SANTA CRUZ DE TENERIFE,2369,"7,6","0,0","4,4",23:59,"10,8",13:40,18,"3,3","8,9",23:30,"9,9","773,5",Varias,"770,5",Varias,29,52,06:32,4,Varias
2017-12-05,C430E,IZAÑA,SANTA CRUZ DE TENERIFE,2369,"5,4","0,0","2,2",01:40,"8,5",14:31,18,"3,3","10,6",01:40,"10,0","774,7",11,"772,8",Varias,33,70,02:05,8,04:20
2017-12-06,C430E,IZAÑA,SANTA CRUZ DE TENERIFE,2369,"4,8","0,0","0,5",03:31,"9,0",11:33,14,"8,1","13,9",10:50,"10,0","774,0",00,"772,1",15,8,31,03:30,4,Varias
2017-12-07,C430E,IZAÑA,SANTA CRUZ DE TENERIFE,2369,"6,4","0,0","2,8",06:10,"9,9",12:34,12,"9,4","16,9",21:10,"9,9","773,8",11,"771,6",16,9,19,06:35,3,15:10
2017-12-08,C430E,IZAÑA,SANTA CRUZ DE TENERIFE,2369,"6,6","0,0","2,9",00:11,"10,4",12:50,99,"9,4","14,2",Varias,"10,0","774,7",11,"772,6",06,4,12,02:00,2,Varias
2017-12-09,C430E,IZAÑA,SANTA CRUZ DE TENERIFE,2369,"7,2","0,0","5,0",06:10,"9,4",15:30,12,"10,3","15,3",02:20,"7,5","776,2",23,"773,5",06,13,33,13:10,2,00:00
2017-12-10,C430E,IZAÑA,SANTA CRUZ DE TENERIFE,2369,"9,1","0,0","5,8",00:00,"12,4",11:02,33,"2,8","8,3",21:00,"9,8","776,1",00,"772,6",Varias,23,57,17:40,7,00:00
2017-12-11,C430E,IZAÑA,SANTA CRUZ DE TENERIFE,2369,"5,6","44,8","1,8",23:50,"9,3",14:10,32,"16,9","30,8",18:53,"6,2","772,9",00,"762,3",22,54,100,Varias,23,09:00
2017-12-12,C430E,IZAÑA,SANTA CRUZ DE TENERIFE,2369,"0,6","8,0","-1,3",08:20,"2,5",13:51,99,"16,7","27,8",Varias,"4,4","767,8",22,"762,0",01,100,100,Varias,100,Varias
2017-12-13,C430E,IZAÑA,SANTA CRUZ DE TENERIFE,2369,"-0,6","0,2","-2,0",04:44,"0,7",16:51,04,"12,2","24,7",19:50,"7,6","771,8",24,"767,0",03,89,100,Varias,28,21:00
2017-12-14,C430E,IZAÑA,SANTA CRUZ DE TENERIFE,2369,"3,8","0,0","-1,1",01:12,"8,7",13:50,36,"5,0","15,6",23:13,"9,8","774,0",11,"771,3",Varias,50,80,Varias,16,20:40
2017-12-15,C430E,IZAÑA,SANTA CRUZ DE TENERIFE,2369,"6,0","0,0","2,8",23:50,"9,3",14:34,36,"7,8","15,3",00:10,"9,8","774,5",11,"772,1",05,53,84,23:45,8,01:10
2017-12-16,C430E,IZAÑA,SANTA CRUZ DE TENERIFE,2369,"4,3","3,7","1,9",01:50,"6,7",13:30,34,"11,7","19,2",21:51,"1,8","773,0",11,"770,4",18,88,100,Varias,52,03:30
2017-12-17,C430E,IZAÑA,SANTA CRUZ DE TENERIFE,2369,"3,2","0,0","0,4",09:11,"6,0",15:00,35,"8,3","19,7",08:25,"9,8","771,6",00,"769,5",15,68,100,Varias,17,18:40
2017-12-18,C430E,IZAÑA,SANTA CRUZ DE TENERIFE,2369,"4,4","0,0","1,1",21:20,"7,7",11:19,07,"9,2","18,1",00:02,"9,9","772,6",11,"770,5",Varias,40,69,19:40,10,08:03
2017-12-19,C430E,IZAÑA,SANTA CRUZ DE TENERIFE,2369,"6,6","0,0","3,1",00:00,"10,1",14:10,11,"4,2","10,8",03:50,"9,9","773,1",Varias,"770,9",16,10,28,12:10,3,21:50
2017-12-20,C430E,IZAÑA,SANTA CRUZ DE TENERIFE,2369,"6,3","0,0","3,0",18:50,"9,6",14:50,09,"6,7","18,3",21:30,"9,9","773,3",11,"771,3",Varias,18,57,10:30,4,19:10
2017-12-21,C430E,IZAÑA,SANTA CRUZ DE TENERIFE,2369,"4,6","0,0","0,3",02:40,"8,9",13:50,17,"10,3","19,7",02:10,"9,9","777,7",23,"772,2",02,14,64,02:10,2,Varias
2017-12-22,C430E,IZAÑA,SANTA CRUZ DE TENERIFE,2369,"5,2","0,0","1,8",22:40,"8,6",15:30,16,"5,6","12,8",22:04,"9,9","777,7",11,"775,7",17,21,42,13:07,14,16:20
2017-12-23,C430E,IZAÑA,SANTA CRUZ DE TENERIFE,2369,"4,2","0,0","1,7",02:40,"6,7",14:40,17,"5,0","12,8",01:30,"9,9","776,4",00,"773,7",Varias,17,44,14:14,5,Varias
2017-12-24,C430E,IZAÑA,SANTA CRUZ DE TENERIFE,2369,"4,6","0,0","0,7",23:59,"8,4",14:11,18,"7,2","17,5",23:59,"9,9","773,8",00,"770,4",17,7,17,13:18,1,Varias
2017-12-25,C430E,IZAÑA,SANTA CRUZ DE TENERIFE,2369,"3,8","0,0","0,1",Varias,"7,4",14:30,18,"7,2","20,0",00:44,"9,9","773,2",Varias,"770,6",Varias,22,47,15:00,3,Varias
2017-12-26,C430E,IZAÑA,SANTA CRUZ DE TENERIFE,2369,"4,0","0,0","0,7",06:10,"7,4",14:40,10,"4,4","7,8",08:15,"9,9","775,2",23,"772,5",05,15,51,13:23,8,23:59
2017-12-27,C430E,IZAÑA,SANTA CRUZ DE TENERIFE,2369,"5,8","0,0","2,3",06:13,"9,3",15:50,36,"5,3","12,2",15:51,"9,9","775,8",11,"773,5",16,13,55,23:59,4,08:30
2017-12-28,C430E,IZAÑA,SANTA CRUZ DE TENERIFE,2369,"7,8","0,0","4,0",04:12,"11,5",11:10,10,"6,1","10,8",13:57,"9,9","774,7",Varias,"772,7",Varias,27,56,02:40,11,20:50
2017-12-29,C430E,IZAÑA,SANTA CRUZ DE TENERIFE,2369,"8,8","0,0","5,8",00:00,"11,7",13:23,12,"6,9","12,5",12:24,"6,2","774,3",Varias,"772,0",16,12,22,00:30,10,Varias
2017-12-30,C430E,IZAÑA,SANTA CRUZ DE TENERIFE,2369,"9,8","0,0","6,6",22:32,"12,9",10:35,18,"10,0","17,5",11:10,"4,7","775,3",Varias,"772,1",06,21,64,15:20,5,Varias
2017-12-31,C430E,IZAÑA,SANTA CRUZ DE TENERIFE,2369,"7,4","0,0","3,1",20:51,"11,8",13:50,17,"4,4","15,0",00:25,"9,1","777,8",23,"774,8",Varias,27,60,Varias,5,00:00
